#IMAGE,\LR2files\Theme\IIDX21 SPADA\Play\Fullcombo\SPADA\SPADA.png
#IMAGE,.dummy,
#IMAGE,.dummy,
#IMAGE,.dummy,
#IMAGE,.dummy,
#IMAGE,.dummy,
#IMAGE,.dummy,
#IMAGE,.dummy,
#IMAGE,.dummy,
#IMAGE,.dummy,
,,,,,,,,,,,,,,,,,,,,
//上昇する光1,,,,,,,,,,,,,,,,,,,,
//SRC定義,(NULL),gr,x,y,w,h,div_x,div_y,cycle,timer,op1,op2,op3,,,,,,,
#SRC_IMAGE,0,50,14,0,2,347,1,1,0,0,0,0,0,,,,,,,
//DST定義,(NULL),time,x,y,w,h,acc,a,r,g,b,blend,filter,angle,center,loop,timer,op1,op2,op3
#DST_IMAGE,0,33,974,482,2,-47,0,255,255,255,255,2,0,0,0,-1,49,0,0,0
#DST_IMAGE,0,133,974,467,2,-347,0,255,255,255,255,2,0,0,0,,,,,
#DST_IMAGE,0,266,974,47,2,-347,0,255,255,255,255,2,0,0,0,,,,,
,,,,,,,,,,,,,,,,,,,,
//上昇する光2,,,,,,,,,,,,,,,,,,,,
//SRC定義,(NULL),gr,x,y,w,h,div_x,div_y,cycle,timer,op1,op2,op3,,,,,,,
#SRC_IMAGE,0,50,14,0,2,347,1,1,0,0,0,0,0,,,,,,,
//DST定義,(NULL),time,x,y,w,h,acc,a,r,g,b,blend,filter,angle,center,loop,timer,op1,op2,op3
#DST_IMAGE,0,33,1058,482,2,-12,0,255,255,255,255,2,0,0,0,-1,49,0,0,0
#DST_IMAGE,0,383,1058,463,2,-347,0,255,255,255,255,2,0,0,0,,,,,
#DST_IMAGE,0,833,1058,9,2,-347,0,255,255,255,255,2,0,0,0,,,,,
,,,,,,,,,,,,,,,,,,,,
//上昇する光3,,,,,,,,,,,,,,,,,,,,
//SRC定義,(NULL),gr,x,y,w,h,div_x,div_y,cycle,timer,op1,op2,op3,,,,,,,
#SRC_IMAGE,0,50,14,0,2,347,1,1,0,0,0,0,0,,,,,,,
//DST定義,(NULL),time,x,y,w,h,acc,a,r,g,b,blend,filter,angle,center,loop,timer,op1,op2,op3
#DST_IMAGE,0,33,1085,482,2,-21,0,255,255,255,255,2,0,0,0,-1,49,0,0,0
#DST_IMAGE,0,216,1085,475,2,-347,0,255,255,255,255,2,0,0,0,,,,,
#DST_IMAGE,0,466,1085,22,2,-347,0,255,255,255,255,2,0,0,0,,,,,
,,,,,,,,,,,,,,,,,,,,
//上昇する光4,,,,,,,,,,,,,,,,,,,,
//SRC定義,(NULL),gr,x,y,w,h,div_x,div_y,cycle,timer,op1,op2,op3,,,,,,,
#SRC_IMAGE,0,50,14,0,2,347,1,1,0,0,0,0,0,,,,,,,
//DST定義,(NULL),time,x,y,w,h,acc,a,r,g,b,blend,filter,angle,center,loop,timer,op1,op2,op3
#DST_IMAGE,0,83,1025,482,2,-56,0,255,255,255,255,2,0,0,0,-1,49,0,0,0
#DST_IMAGE,0,166,1025,419,2,-347,0,255,255,255,255,2,0,0,0,,,,,
#DST_IMAGE,0,250,1025,65,2,-347,0,255,255,255,255,2,0,0,0,,,,,
,,,,,,,,,,,,,,,,,,,,
//上昇する光5,,,,,,,,,,,,,,,,,,,,
//SRC定義,(NULL),gr,x,y,w,h,div_x,div_y,cycle,timer,op1,op2,op3,,,,,,,
#SRC_IMAGE,0,50,14,0,2,347,1,1,0,0,0,0,0,,,,,,,
//DST定義,(NULL),time,x,y,w,h,acc,a,r,g,b,blend,filter,angle,center,loop,timer,op1,op2,op3
#DST_IMAGE,0,116,1175,482,2,-29,0,255,255,255,255,2,0,0,0,-1,49,0,0,0
#DST_IMAGE,0,283,1175,457,2,-347,0,255,255,255,255,2,0,0,0,,,,,
#DST_IMAGE,0,500,1175,11,2,-347,0,255,255,255,255,2,0,0,0,,,,,
,,,,,,,,,,,,,,,,,,,,
//上昇する光6,,,,,,,,,,,,,,,,,,,,
//SRC定義,(NULL),gr,x,y,w,h,div_x,div_y,cycle,timer,op1,op2,op3,,,,,,,
#SRC_IMAGE,0,50,14,0,2,347,1,1,0,0,0,0,0,,,,,,,
//DST定義,(NULL),time,x,y,w,h,acc,a,r,g,b,blend,filter,angle,center,loop,timer,op1,op2,op3
#DST_IMAGE,0,183,1135,482,2,-64,0,255,255,255,255,2,0,0,0,-1,49,0,0,0
#DST_IMAGE,0,266,1135,414,2,-347,0,255,255,255,255,2,0,0,0,,,,,
#DST_IMAGE,0,350,1135,64,2,-347,0,255,255,255,255,2,0,0,0,,,,,
,,,,,,,,,,,,,,,,,,,,
//上昇する光7,,,,,,,,,,,,,,,,,,,,
//SRC定義,(NULL),gr,x,y,w,h,div_x,div_y,cycle,timer,op1,op2,op3,,,,,,,
#SRC_IMAGE,0,50,14,0,2,347,1,1,0,0,0,0,0,,,,,,,
//DST定義,(NULL),time,x,y,w,h,acc,a,r,g,b,blend,filter,angle,center,loop,timer,op1,op2,op3
#DST_IMAGE,0,216,1101,482,2,-30,0,255,255,255,255,2,0,0,0,-1,49,0,0,0
#DST_IMAGE,0,383,1101,449,2,-347,0,255,255,255,255,2,0,0,0,,,,,
#DST_IMAGE,0,583,1101,30,2,-347,0,255,255,255,255,2,0,0,0,,,,,
,,,,,,,,,,,,,,,,,,,,
//上昇する光8,,,,,,,,,,,,,,,,,,,,
//SRC定義,(NULL),gr,x,y,w,h,div_x,div_y,cycle,timer,op1,op2,op3,,,,,,,
#SRC_IMAGE,0,50,14,0,2,347,1,1,0,0,0,0,0,,,,,,,
//DST定義,(NULL),time,x,y,w,h,acc,a,r,g,b,blend,filter,angle,center,loop,timer,op1,op2,op3
#DST_IMAGE,0,233,1001,482,2,-46,0,255,255,255,255,2,0,0,0,-1,49,0,0,0
#DST_IMAGE,0,333,1001,468,2,-347,0,255,255,255,255,2,0,0,0,,,,,
#DST_IMAGE,0,466,1001,47,2,-347,0,255,255,255,255,2,0,0,0,,,,,
,,,,,,,,,,,,,,,,,,,,
//上昇する光9,,,,,,,,,,,,,,,,,,,,
//SRC定義,(NULL),gr,x,y,w,h,div_x,div_y,cycle,timer,op1,op2,op3,,,,,,,
#SRC_IMAGE,0,50,14,0,2,347,1,1,0,0,0,0,0,,,,,,,
//DST定義,(NULL),time,x,y,w,h,acc,a,r,g,b,blend,filter,angle,center,loop,timer,op1,op2,op3
#DST_IMAGE,0,250,964,482,2,-28,0,255,255,255,255,2,0,0,0,-1,49,0,0,0
#DST_IMAGE,0,416,964,464,2,-347,0,255,255,255,255,2,0,0,0,,,,,
#DST_IMAGE,0,633,964,26,2,-347,0,255,255,255,255,2,0,0,0,,,,,
,,,,,,,,,,,,,,,,,,,,
//上昇する光10,,,,,,,,,,,,,,,,,,,,
//SRC定義,(NULL),gr,x,y,w,h,div_x,div_y,cycle,timer,op1,op2,op3,,,,,,,
#SRC_IMAGE,0,50,14,0,2,347,1,1,0,0,0,0,0,,,,,,,
//DST定義,(NULL),time,x,y,w,h,acc,a,r,g,b,blend,filter,angle,center,loop,timer,op1,op2,op3
#DST_IMAGE,0,400,1038,482,2,-20,0,255,255,255,255,2,0,0,0,-1,49,0,0,0
#DST_IMAGE,0,616,1038,467,2,-347,0,255,255,255,255,2,0,0,0,,,,,
#DST_IMAGE,0,900,1038,20,2,-347,0,255,255,255,255,2,0,0,0,,,,,
,,,,,,,,,,,,,,,,,,,,
//上昇する光11,,,,,,,,,,,,,,,,,,,,
//SRC定義,(NULL),gr,x,y,w,h,div_x,div_y,cycle,timer,op1,op2,op3,,,,,,,
#SRC_IMAGE,0,50,14,0,2,347,1,1,0,0,0,0,0,,,,,,,
//DST定義,(NULL),time,x,y,w,h,acc,a,r,g,b,blend,filter,angle,center,loop,timer,op1,op2,op3
#DST_IMAGE,0,416,1135,482,2,-44,0,255,255,255,255,2,0,0,0,-1,49,0,0,0
#DST_IMAGE,0,516,1135,468,2,-347,0,255,255,255,255,2,0,0,0,,,,,
#DST_IMAGE,0,650,1135,45,2,-347,0,255,255,255,255,2,0,0,0,,,,,
,,,,,,,,,,,,,,,,,,,,
//上昇する光12,,,,,,,,,,,,,,,,,,,,
//SRC定義,(NULL),gr,x,y,w,h,div_x,div_y,cycle,timer,op1,op2,op3,,,,,,,
#SRC_IMAGE,0,50,14,0,2,347,1,1,0,0,0,0,0,,,,,,,
//DST定義,(NULL),time,x,y,w,h,acc,a,r,g,b,blend,filter,angle,center,loop,timer,op1,op2,op3
#DST_IMAGE,0,450,1210,482,2,-41,0,255,255,255,255,2,0,0,0,-1,49,0,0,0
#DST_IMAGE,0,550,1210,470,2,-347,0,255,255,255,255,2,0,0,0,,,,,
#DST_IMAGE,0,683,1210,47,2,-347,0,255,255,255,255,2,0,0,0,,,,,
,,,,,,,,,,,,,,,,,,,,
//上昇する光13,,,,,,,,,,,,,,,,,,,,
//SRC定義,(NULL),gr,x,y,w,h,div_x,div_y,cycle,timer,op1,op2,op3,,,,,,,
#SRC_IMAGE,0,50,14,0,2,347,1,1,0,0,0,0,0,,,,,,,
//DST定義,(NULL),time,x,y,w,h,acc,a,r,g,b,blend,filter,angle,center,loop,timer,op1,op2,op3
#DST_IMAGE,0,450,994,482,2,-13,0,255,255,255,255,2,0,0,0,-1,49,0,0,0
#DST_IMAGE,0,750,994,480,2,-347,0,255,255,255,255,2,0,0,0,,,,,
#DST_IMAGE,0,1166,994,14,2,-347,0,255,255,255,255,2,0,0,0,,,,,
,,,,,,,,,,,,,,,,,,,,
//メイン1,,,,,,,,,,,,,,,,,,,,
//SRC定義,(NULL),gr,x,y,w,h,div_x,div_y,cycle,timer,op1,op2,op3,,,,,,,
#SRC_IMAGE,0,50,0,0,4,507,1,1,0,0,0,0,0,,,,,,,
//DST定義,(NULL),time,x,y,w,h,acc,a,r,g,b,blend,filter,angle,center,loop,timer,op1,op2,op3
#DST_IMAGE,0,16,942,482,288,0,0,255,255,255,255,2,0,0,0,-1,49,0,0,0
#DST_IMAGE,0,116,942,482,288,-507,0,255,255,255,255,2,0,0,0,,,,,
#DST_IMAGE,0,583,1085,482,2,-507,0,255,255,255,255,2,0,0,0,,,,,
#DST_IMAGE,0,833,1085,482,2,-507,0,130,255,255,255,2,0,0,0,,,,,
#DST_IMAGE,0,1233,1085,482,2,-507,0,0,255,255,255,2,0,0,0,,,,,
,,,,,,,,,,,,,,,,,,,,
//メイン2,,,,,,,,,,,,,,,,,,,,
//SRC定義,(NULL),gr,x,y,w,h,div_x,div_y,cycle,timer,op1,op2,op3,,,,,,,
#SRC_IMAGE,0,50,5,0,1,482,1,1,0,0,0,0,0,,,,,,,
//DST定義,(NULL),time,x,y,w,h,acc,a,r,g,b,blend,filter,angle,center,loop,timer,op1,op2,op3
#DST_IMAGE,0,16,942,482,288,-482,0,0,255,255,255,2,0,0,0,-1,49,0,0,0
#DST_IMAGE,0,183,942,482,288,-482,0,255,255,255,255,2,0,0,0,,,,,
#DST_IMAGE,0,333,942,482,288,-482,0,255,255,255,255,2,0,0,0,,,,,
#DST_IMAGE,0,683,942,482,288,-482,0,0,255,255,255,2,0,0,0,,,,,
,,,,,,,,,,,,,,,,,,,,
//メイン3,,,,,,,,,,,,,,,,,,,,
//SRC定義,(NULL),gr,x,y,w,h,div_x,div_y,cycle,timer,op1,op2,op3,,,,,,,
#SRC_IMAGE,0,50,17,0,458,151,1,1,0,0,0,0,0,,,,,,,
//DST定義,(NULL),time,x,y,w,h,acc,a,r,g,b,blend,filter,angle,center,loop,timer,op1,op2,op3
#DST_IMAGE,0,33,855,406,458,151,0,40,255,255,255,2,0,0,0,-1,49,0,0,0
#DST_IMAGE,0,133,855,181,458,604,0,255,255,255,255,2,0,0,0,,,,,
#DST_IMAGE,0,516,855,263,458,439,0,250,255,255,255,2,0,0,0,,,,,
#DST_IMAGE,0,833,855,331,458,302,0,150,255,255,255,2,0,0,0,,,,,
#DST_IMAGE,0,1316,855,331,458,302,0,0,255,255,255,2,0,0,0,,,,,
,,,,,,,,,,,,,,,,,,,,
//メイン4,,,,,,,,,,,,,,,,,,,,
//SRC定義,(NULL),gr,x,y,w,h,div_x,div_y,cycle,timer,op1,op2,op3,,,,,,,
#SRC_IMAGE,0,50,211,0,60,151,1,1,0,0,0,0,0,,,,,,,
//DST定義,(NULL),time,x,y,w,h,acc,a,r,g,b,blend,filter,angle,center,loop,timer,op1,op2,op3
#DST_IMAGE,0,366,844,124,482,235,0,30,255,255,255,2,0,90,0,-1,49,0,0,0
#DST_IMAGE,0,500,844,150,482,181,0,255,255,255,255,2,0,90,0,,,,,
#DST_IMAGE,0,816,844,216,482,51,0,100,255,255,255,2,0,90,0,,,,,
#DST_IMAGE,0,1050,844,216,482,51,0,0,255,255,255,2,0,90,0,,,,,
,,,,,,,,,,,,,,,,,,,,
//フラッシュ,,,,,,,,,,,,,,,,,,,,
//SRC定義,(NULL),gr,x,y,w,h,div_x,div_y,cycle,timer,op1,op2,op3,,,,,,,
#SRC_IMAGE,0,50,17,326,640,640,1,1,0,0,0,0,0,,,,,,,
//DST定義,(NULL),time,x,y,w,h,acc,a,r,g,b,blend,filter,angle,center,loop,timer,op1,op2,op3
#DST_IMAGE,0,16,920,296,320,320,0,255,255,255,255,2,0,0,0,-1,49,0,0,0
#DST_IMAGE,0,183,616,-8,930,930,0,255,255,255,255,2,0,0,0,,,,,
#DST_IMAGE,0,350,440,-184,1280,1280,0,0,255,255,255,2,0,0,0,,,,,
,,,,,,,,,,,,,,,,,,,,
//キラキラ1,,,,,,,,,,,,,,,,,,,,
//SRC定義,(NULL),gr,x,y,w,h,div_x,div_y,cycle,timer,op1,op2,op3,,,,,,,
#SRC_IMAGE,0,50,218,152,27,155,1,5,83,48,0,0,0,,,,,,,
//DST定義,(NULL),time,x,y,w,h,acc,a,r,g,b,blend,filter,angle,center,loop,timer,op1,op2,op3
#DST_IMAGE,0,16,996,449,27,31,0,255,255,255,255,2,0,0,0,-1,49,0,0,0
#DST_IMAGE,0,800,996,360,27,31,0,255,255,255,255,2,0,0,0,,,,,
,,,,,,,,,,,,,,,,,,,,
//キラキラ2,,,,,,,,,,,,,,,,,,,,
//SRC定義,(NULL),gr,x,y,w,h,div_x,div_y,cycle,timer,op1,op2,op3,,,,,,,
#SRC_IMAGE,0,50,218,152,27,155,1,5,83,48,0,0,0,,,,,,,
//DST定義,(NULL),time,x,y,w,h,acc,a,r,g,b,blend,filter,angle,center,loop,timer,op1,op2,op3
#DST_IMAGE,0,150,1134,449,27,31,0,255,255,255,255,2,0,0,0,-1,49,0,0,0
#DST_IMAGE,0,833,1134,317,27,31,0,255,255,255,255,2,0,0,0,,,,,
,,,,,,,,,,,,,,,,,,,,
//キラキラ3,,,,,,,,,,,,,,,,,,,,
//SRC定義,(NULL),gr,x,y,w,h,div_x,div_y,cycle,timer,op1,op2,op3,,,,,,,
#SRC_IMAGE,0,50,218,152,27,155,1,5,83,48,0,0,0,,,,,,,
//DST定義,(NULL),time,x,y,w,h,acc,a,r,g,b,blend,filter,angle,center,loop,timer,op1,op2,op3
#DST_IMAGE,0,183,1058,449,27,31,0,255,255,255,255,2,0,0,0,-1,49,0,0,0
#DST_IMAGE,0,1016,1058,110,27,31,0,255,255,255,255,2,0,0,0,,,,,
,,,,,,,,,,,,,,,,,,,,
//キラキラ4,,,,,,,,,,,,,,,,,,,,
//SRC定義,(NULL),gr,x,y,w,h,div_x,div_y,cycle,timer,op1,op2,op3,,,,,,,
#SRC_IMAGE,0,50,218,152,27,155,1,5,83,48,0,0,0,,,,,,,
//DST定義,(NULL),time,x,y,w,h,acc,a,r,g,b,blend,filter,angle,center,loop,timer,op1,op2,op3
#DST_IMAGE,0,233,1092,449,27,31,0,255,255,255,255,2,0,0,0,-1,49,0,0,0
#DST_IMAGE,0,916,1092,249,27,31,0,255,255,255,255,2,0,0,0,,,,,
,,,,,,,,,,,,,,,,,,,,
//キラキラ5,,,,,,,,,,,,,,,,,,,,
//SRC定義,(NULL),gr,x,y,w,h,div_x,div_y,cycle,timer,op1,op2,op3,,,,,,,
#SRC_IMAGE,0,50,218,152,27,155,1,5,83,48,0,0,0,,,,,,,
//DST定義,(NULL),time,x,y,w,h,acc,a,r,g,b,blend,filter,angle,center,loop,timer,op1,op2,op3
#DST_IMAGE,0,250,1027,449,27,31,0,255,255,255,255,2,0,0,0,-1,49,0,0,0
#DST_IMAGE,0,933,1027,263,27,31,0,255,255,255,255,2,0,0,0,,,,,
,,,,,,,,,,,,,,,,,,,,
//キラキラ6,,,,,,,,,,,,,,,,,,,,
//SRC定義,(NULL),gr,x,y,w,h,div_x,div_y,cycle,timer,op1,op2,op3,,,,,,,
#SRC_IMAGE,0,50,218,152,27,155,1,5,83,48,0,0,0,,,,,,,
//DST定義,(NULL),time,x,y,w,h,acc,a,r,g,b,blend,filter,angle,center,loop,timer,op1,op2,op3
#DST_IMAGE,0,266,1123,449,27,31,0,255,255,255,255,2,0,0,0,-1,49,0,0,0
#DST_IMAGE,0,1050,1123,270,27,31,0,255,255,255,255,2,0,0,0,,,,,
,,,,,,,,,,,,,,,,,,,,
//キラキラ7,,,,,,,,,,,,,,,,,,,,
//SRC定義,(NULL),gr,x,y,w,h,div_x,div_y,cycle,timer,op1,op2,op3,,,,,,,
#SRC_IMAGE,0,50,218,152,27,155,1,5,83,48,0,0,0,,,,,,,
//DST定義,(NULL),time,x,y,w,h,acc,a,r,g,b,blend,filter,angle,center,loop,timer,op1,op2,op3
#DST_IMAGE,0,283,1085,451,27,31,0,255,255,255,255,2,0,0,0,-1,49,0,0,0
#DST_IMAGE,0,900,1085,127,27,31,0,255,255,255,255,2,0,0,0,,,,,
,,,,,,,,,,,,,,,,,,,,
//キラキラ8,,,,,,,,,,,,,,,,,,,,
//SRC定義,(NULL),gr,x,y,w,h,div_x,div_y,cycle,timer,op1,op2,op3,,,,,,,
#SRC_IMAGE,0,50,218,152,27,155,1,5,83,48,0,0,0,,,,,,,
//DST定義,(NULL),time,x,y,w,h,acc,a,r,g,b,blend,filter,angle,center,loop,timer,op1,op2,op3
#DST_IMAGE,0,350,986,449,27,31,0,255,255,255,255,2,0,0,0,-1,49,0,0,0
#DST_IMAGE,0,1133,986,297,27,31,0,255,255,255,255,2,0,0,0,,,,,
,,,,,,,,,,,,,,,,,,,,
//キラキラ9,,,,,,,,,,,,,,,,,,,,
//SRC定義,(NULL),gr,x,y,w,h,div_x,div_y,cycle,timer,op1,op2,op3,,,,,,,
#SRC_IMAGE,0,50,218,152,27,155,1,5,83,48,0,0,0,,,,,,,
//DST定義,(NULL),time,x,y,w,h,acc,a,r,g,b,blend,filter,angle,center,loop,timer,op1,op2,op3
#DST_IMAGE,0,350,1097,449,27,31,0,255,255,255,255,2,0,0,0,-1,49,0,0,0
#DST_IMAGE,0,1100,1097,312,27,31,0,255,255,255,255,2,0,0,0,,,,,
,,,,,,,,,,,,,,,,,,,,
//キラキラ10,,,,,,,,,,,,,,,,,,,,
//SRC定義,(NULL),gr,x,y,w,h,div_x,div_y,cycle,timer,op1,op2,op3,,,,,,,
#SRC_IMAGE,0,50,218,152,27,155,1,5,83,48,0,0,0,,,,,,,
//DST定義,(NULL),time,x,y,w,h,acc,a,r,g,b,blend,filter,angle,center,loop,timer,op1,op2,op3
#DST_IMAGE,0,383,1063,451,27,31,0,255,255,255,255,2,0,0,0,-1,49,0,0,0
#DST_IMAGE,0,1166,1063,186,27,31,0,255,255,255,255,2,0,0,0,,,,,
,,,,,,,,,,,,,,,,,,,,
//キラキラ11,,,,,,,,,,,,,,,,,,,,
//SRC定義,(NULL),gr,x,y,w,h,div_x,div_y,cycle,timer,op1,op2,op3,,,,,,,
#SRC_IMAGE,0,50,218,152,27,155,1,5,83,48,0,0,0,,,,,,,
//DST定義,(NULL),time,x,y,w,h,acc,a,r,g,b,blend,filter,angle,center,loop,timer,op1,op2,op3
#DST_IMAGE,0,383,1103,451,27,31,0,255,255,255,255,2,0,0,0,-1,49,0,0,0
#DST_IMAGE,0,1166,1103,245,27,31,0,255,255,255,255,2,0,0,0,,,,,
,,,,,,,,,,,,,,,,,,,,
//キラキラ12,,,,,,,,,,,,,,,,,,,,
//SRC定義,(NULL),gr,x,y,w,h,div_x,div_y,cycle,timer,op1,op2,op3,,,,,,,
#SRC_IMAGE,0,50,218,152,27,155,1,5,83,48,0,0,0,,,,,,,
//DST定義,(NULL),time,x,y,w,h,acc,a,r,g,b,blend,filter,angle,center,loop,timer,op1,op2,op3
#DST_IMAGE,0,433,1082,451,27,31,0,255,255,255,255,2,0,0,0,-1,49,0,0,0
#DST_IMAGE,0,783,1082,391,27,31,0,255,255,255,255,2,0,0,0,,,,,
#DST_IMAGE,0,1033,1082,291,27,31,0,255,255,255,255,2,0,0,0,,,,,
,,,,,,,,,,,,,,,,,,,,
//キラキラ13,,,,,,,,,,,,,,,,,,,,
//SRC定義,(NULL),gr,x,y,w,h,div_x,div_y,cycle,timer,op1,op2,op3,,,,,,,
#SRC_IMAGE,0,50,218,152,27,155,1,5,83,48,0,0,0,,,,,,,
//DST定義,(NULL),time,x,y,w,h,acc,a,r,g,b,blend,filter,angle,center,loop,timer,op1,op2,op3
#DST_IMAGE,0,483,1039,451,27,31,0,255,255,255,255,2,0,0,0,-1,49,0,0,0
#DST_IMAGE,0,833,1039,322,27,31,0,255,255,255,255,2,0,0,0,,,,,
,,,,,,,,,,,,,,,,,,,,
//キラキラ14,,,,,,,,,,,,,,,,,,,,
//SRC定義,(NULL),gr,x,y,w,h,div_x,div_y,cycle,timer,op1,op2,op3,,,,,,,
#SRC_IMAGE,0,50,218,152,27,155,1,5,83,48,0,0,0,,,,,,,
//DST定義,(NULL),time,x,y,w,h,acc,a,r,g,b,blend,filter,angle,center,loop,timer,op1,op2,op3
#DST_IMAGE,0,500,1047,449,27,31,0,255,255,255,255,2,0,0,0,-1,49,0,0,0
#DST_IMAGE,0,1183,1047,-12,27,31,0,255,255,255,255,2,0,0,0,,,,,
,,,,,,,,,,,,,,,,,,,,
//キラキラ15,,,,,,,,,,,,,,,,,,,,
//SRC定義,(NULL),gr,x,y,w,h,div_x,div_y,cycle,timer,op1,op2,op3,,,,,,,
#SRC_IMAGE,0,50,218,152,27,155,1,5,83,48,0,0,0,,,,,,,
//DST定義,(NULL),time,x,y,w,h,acc,a,r,g,b,blend,filter,angle,center,loop,timer,op1,op2,op3
#DST_IMAGE,0,500,1078,449,27,31,0,255,255,255,255,2,0,0,0,-1,49,0,0,0
#DST_IMAGE,0,1283,1078,40,27,31,0,255,255,255,255,2,0,0,0,,,,,
,,,,,,,,,,,,,,,,,,,,
//キラキラ16,,,,,,,,,,,,,,,,,,,,
//SRC定義,(NULL),gr,x,y,w,h,div_x,div_y,cycle,timer,op1,op2,op3,,,,,,,
#SRC_IMAGE,0,50,218,152,27,155,1,5,83,48,0,0,0,,,,,,,
//DST定義,(NULL),time,x,y,w,h,acc,a,r,g,b,blend,filter,angle,center,loop,timer,op1,op2,op3
#DST_IMAGE,0,500,1093,449,27,31,0,255,255,255,255,2,0,0,0,-1,49,0,0,0
#DST_IMAGE,0,1266,1093,-15,27,31,0,255,255,255,255,2,0,0,0,,,,,
,,,,,,,,,,,,,,,,,,,,
//キラキラ17,,,,,,,,,,,,,,,,,,,,
//SRC定義,(NULL),gr,x,y,w,h,div_x,div_y,cycle,timer,op1,op2,op3,,,,,,,
#SRC_IMAGE,0,50,218,152,27,155,1,5,83,48,0,0,0,,,,,,,
//DST定義,(NULL),time,x,y,w,h,acc,a,r,g,b,blend,filter,angle,center,loop,timer,op1,op2,op3
#DST_IMAGE,0,533,1055,451,27,31,0,255,255,255,255,2,0,0,0,-1,49,0,0,0
#DST_IMAGE,0,1316,1055,413,27,31,0,255,255,255,255,2,0,0,0,,,,,
,,,,,,,,,,,,,,,,,,,,
//キラキラ18,,,,,,,,,,,,,,,,,,,,
//SRC定義,(NULL),gr,x,y,w,h,div_x,div_y,cycle,timer,op1,op2,op3,,,,,,,
#SRC_IMAGE,0,50,218,152,27,155,1,5,83,48,0,0,0,,,,,,,
//DST定義,(NULL),time,x,y,w,h,acc,a,r,g,b,blend,filter,angle,center,loop,timer,op1,op2,op3
#DST_IMAGE,0,566,1113,451,27,31,0,255,255,255,255,2,0,0,0,-1,49,0,0,0
#DST_IMAGE,0,1266,1113,352,27,31,0,255,255,255,255,2,0,0,0,,,,,
,,,,,,,,,,,,,,,,,,,,
//キラキラ19,,,,,,,,,,,,,,,,,,,,
//SRC定義,(NULL),gr,x,y,w,h,div_x,div_y,cycle,timer,op1,op2,op3,,,,,,,
#SRC_IMAGE,0,50,218,152,27,155,1,5,83,48,0,0,0,,,,,,,
//DST定義,(NULL),time,x,y,w,h,acc,a,r,g,b,blend,filter,angle,center,loop,timer,op1,op2,op3
#DST_IMAGE,0,616,1167,451,27,31,0,255,255,255,255,2,0,0,0,-1,49,0,0,0
#DST_IMAGE,0,966,1167,384,27,31,0,255,255,255,255,2,0,0,0,,,,,
,,,,,,,,,,,,,,,,,,,,
//キラキラ20,,,,,,,,,,,,,,,,,,,,
//SRC定義,(NULL),gr,x,y,w,h,div_x,div_y,cycle,timer,op1,op2,op3,,,,,,,
#SRC_IMAGE,0,50,218,152,27,155,1,5,83,48,0,0,0,,,,,,,
//DST定義,(NULL),time,x,y,w,h,acc,a,r,g,b,blend,filter,angle,center,loop,timer,op1,op2,op3
#DST_IMAGE,0,683,1015,451,27,31,0,255,255,255,255,2,0,0,0,-1,49,0,0,0
#DST_IMAGE,0,1216,1015,354,27,31,0,255,255,255,255,2,0,0,0,,,,,
,,,,,,,,,,,,,,,,,,,,
//キラキラ21,,,,,,,,,,,,,,,,,,,,
//SRC定義,(NULL),gr,x,y,w,h,div_x,div_y,cycle,timer,op1,op2,op3,,,,,,,
#SRC_IMAGE,0,50,218,152,27,155,1,5,83,48,0,0,0,,,,,,,
//DST定義,(NULL),time,x,y,w,h,acc,a,r,g,b,blend,filter,angle,center,loop,timer,op1,op2,op3
#DST_IMAGE,0,700,970,451,27,31,0,255,255,255,255,2,0,0,0,-1,49,0,0,0
#DST_IMAGE,0,1050,970,426,27,31,0,255,255,255,255,2,0,0,0,,,,,
,,,,,,,,,,,,,,,,,,,,
//キラキラ22,,,,,,,,,,,,,,,,,,,,
//SRC定義,(NULL),gr,x,y,w,h,div_x,div_y,cycle,timer,op1,op2,op3,,,,,,,
#SRC_IMAGE,0,50,218,152,27,155,1,5,83,48,0,0,0,,,,,,,
//DST定義,(NULL),time,x,y,w,h,acc,a,r,g,b,blend,filter,angle,center,loop,timer,op1,op2,op3
#DST_IMAGE,0,750,1070,451,27,31,0,255,255,255,255,2,0,0,0,-1,49,0,0,0
#DST_IMAGE,0,1283,1070,279,27,31,0,255,255,255,255,2,0,0,0,,,,,
,,,,,,,,,,,,,,,,,,,,
//キラキラ23,,,,,,,,,,,,,,,,,,,,
//SRC定義,(NULL),gr,x,y,w,h,div_x,div_y,cycle,timer,op1,op2,op3,,,,,,,
#SRC_IMAGE,0,50,218,152,27,155,1,5,83,48,0,0,0,,,,,,,
//DST定義,(NULL),time,x,y,w,h,acc,a,r,g,b,blend,filter,angle,center,loop,timer,op1,op2,op3
#DST_IMAGE,0,866,1137,451,27,31,0,255,255,255,255,2,0,0,0,-1,49,0,0,0
#DST_IMAGE,0,1216,1137,387,27,31,0,255,255,255,255,2,0,0,0,,,,,
,,,,,,,,,,,,,,,,,,,,
//火花1,,,,,,,,,,,,,,,,,,,,
//SRC定義,(NULL),gr,x,y,w,h,div_x,div_y,cycle,timer,op1,op2,op3,,,,,,,
#SRC_IMAGE,0,50,0,967,352,347,1,1,0,48,0,0,0,,,,,,,
//DST定義,(NULL),time,x,y,w,h,acc,a,r,g,b,blend,filter,angle,center,loop,timer,op1,op2,op3
#DST_IMAGE,0,16,1043,165,352,347,0,255,255,255,255,2,0,0,0,-1,49,0,0,0
#DST_IMAGE,0,100,1043,165,352,347,0,255,255,255,255,2,0,0,0,,,,,
,,,,,,,,,,,,,,,,,,,,
//火花2,,,,,,,,,,,,,,,,,,,,
//SRC定義,(NULL),gr,x,y,w,h,div_x,div_y,cycle,timer,op1,op2,op3,,,,,,,
#SRC_IMAGE,0,50,353,967,616,352,1,1,0,48,0,0,0,,,,,,,
//DST定義,(NULL),time,x,y,w,h,acc,a,r,g,b,blend,filter,angle,center,loop,timer,op1,op2,op3
#DST_IMAGE,0,133,1012,502,95,55,0,255,255,255,255,2,1,0,0,-1,49,0,0,0
#DST_IMAGE,0,233,879,435,253,144,0,255,255,255,255,2,1,0,0,,,,,
,,,,,,,,,,,,,,,,,,,,
//火花3,,,,,,,,,,,,,,,,,,,,
//SRC定義,(NULL),gr,x,y,w,h,div_x,div_y,cycle,timer,op1,op2,op3,,,,,,,
#SRC_IMAGE,0,50,0,1320,608,418,1,1,0,48,0,0,0,,,,,,,
//DST定義,(NULL),time,x,y,w,h,acc,a,r,g,b,blend,filter,angle,center,loop,timer,op1,op2,op3
#DST_IMAGE,0,133,1097,342,301,207,0,255,255,255,255,2,1,0,0,-1,49,0,0,0
#DST_IMAGE,0,316,1042,282,912,627,0,255,255,255,255,2,1,0,0,,,,,
,,,,,,,,,,,,,,,,,,,,
//火花4,,,,,,,,,,,,,,,,,,,,
//SRC定義,(NULL),gr,x,y,w,h,div_x,div_y,cycle,timer,op1,op2,op3,,,,,,,
#SRC_IMAGE,0,50,609,1320,240,604,1,1,0,48,0,0,0,,,,,,,
//DST定義,(NULL),time,x,y,w,h,acc,a,r,g,b,blend,filter,angle,center,loop,timer,op1,op2,op3
#DST_IMAGE,0,216,910,22,199,299,0,255,255,255,255,2,1,0,0,-1,49,0,0,0
#DST_IMAGE,0,333,800,-481,355,894,0,255,255,255,255,2,1,0,0,,,,,
,,,,,,,,,,,,,,,,,,,,
//火花5,,,,,,,,,,,,,,,,,,,,
//SRC定義,(NULL),gr,x,y,w,h,div_x,div_y,cycle,timer,op1,op2,op3,,,,,,,
#SRC_IMAGE,0,50,850,1320,426,606,1,1,0,48,0,0,0,,,,,,,
//DST定義,(NULL),time,x,y,w,h,acc,a,r,g,b,blend,filter,angle,center,loop,timer,op1,op2,op3
#DST_IMAGE,0,250,1007,166,209,297,0,255,255,255,255,2,1,0,0,-1,49,0,0,0
#DST_IMAGE,0,367,725,109,630,897,0,255,255,255,255,2,1,0,0,,,,,
,,,,,,,,,,,,,,,,,,,,
//火花6,,,,,,,,,,,,,,,,,,,,
//SRC定義,(NULL),gr,x,y,w,h,div_x,div_y,cycle,timer,op1,op2,op3,,,,,,,
#SRC_IMAGE,0,50,0,1739,592,470,1,1,0,48,0,0,0,,,,,,,
//DST定義,(NULL),time,x,y,w,h,acc,a,r,g,b,blend,filter,angle,center,loop,timer,op1,op2,op3
#DST_IMAGE,0,383,931,344,343,240,0,255,255,255,255,2,1,0,0,-1,49,0,0,0
#DST_IMAGE,0,517,770,391,420,325,0,255,255,255,255,2,1,0,0,,,,,
,,,,,,,,,,,,,,,,,,,,
//火花7,,,,,,,,,,,,,,,,,,,,
//SRC定義,(NULL),gr,x,y,w,h,div_x,div_y,cycle,timer,op1,op2,op3,,,,,,,
#SRC_IMAGE,0,50,730,615,614,316,1,1,0,48,0,0,0,,,,,,,
//DST定義,(NULL),time,x,y,w,h,acc,a,r,g,b,blend,filter,angle,center,loop,timer,op1,op2,op3
#DST_IMAGE,0,583,975,204,184,95,0,255,255,255,255,2,1,0,0,-1,49,0,0,0
#DST_IMAGE,0,700,949,168,479,246,0,255,255,255,255,2,1,0,0,,,,,
,,,,,,,,,,,,,,,,,,,,
//火花8,,,,,,,,,,,,,,,,,,,,
//SRC定義,(NULL),gr,x,y,w,h,div_x,div_y,cycle,timer,op1,op2,op3,,,,,,,
#SRC_IMAGE,0,50,730,0,370,614,1,1,0,48,0,0,0,,,,,,,
//DST定義,(NULL),time,x,y,w,h,acc,a,r,g,b,blend,filter,angle,center,loop,timer,op1,op2,op3
#DST_IMAGE,0,717,1070,179,100,166,0,255,255,255,255,2,1,0,0,-1,49,0,0,0
#DST_IMAGE,0,867,702,107,555,921,0,255,255,255,255,2,1,0,0,,,,,
,,,,,,,,,,,,,,,,,,,,
//斬撃1,,,,,,,,,,,,,,,,,,,,
//SRC定義,(NULL),gr,x,y,w,h,div_x,div_y,cycle,timer,op1,op2,op3,,,,,,,
#SRC_IMAGE,0,50,1100,2180,400,320,1,10,167,48,0,0,0,,,,,,,
//DST定義,(NULL),time,x,y,w,h,acc,a,r,g,b,blend,filter,angle,center,loop,timer,op1,op2,op3
#DST_IMAGE,0,16,722,387,800,64,0,255,255,255,255,2,0,-44,0,-1,49,0,0,0
#DST_IMAGE,0,167,722,387,800,64,0,255,255,255,255,2,0,-44,0,-1,49,0,0,0
,,,,,,,,,,,,,,,,,,,,
//斬撃2,,,,,,,,,,,,,,,,,,,,
//SRC定義,(NULL),gr,x,y,w,h,div_x,div_y,cycle,timer,op1,op2,op3,,,,,,,
#SRC_IMAGE,0,50,1100,294,400,320,1,10,183,48,0,0,0,,,,,,,
//DST定義,(NULL),time,x,y,w,h,acc,a,r,g,b,blend,filter,angle,center,loop,timer,op1,op2,op3
#DST_IMAGE,0,133,953,550,360,29,0,255,255,255,255,2,1,24,0,-1,49,0,0,0
#DST_IMAGE,0,300,953,550,360,29,0,255,255,255,255,2,1,24,0,-1,49,0,0,0
,,,,,,,,,,,,,,,,,,,,
//斬撃3,,,,,,,,,,,,,,,,,,,,
//SRC定義,(NULL),gr,x,y,w,h,div_x,div_y,cycle,timer,op1,op2,op3,,,,,,,
#SRC_IMAGE,0,50,1100,294,400,320,1,10,183,48,0,0,0,,,,,,,
//DST定義,(NULL),time,x,y,w,h,acc,a,r,g,b,blend,filter,angle,center,loop,timer,op1,op2,op3
#DST_IMAGE,0,133,597,363,1200,96,0,255,255,255,255,2,1,31,0,-1,49,0,0,0
#DST_IMAGE,0,316,597,363,1200,96,0,255,255,255,255,2,1,31,0,-1,49,0,0,0
,,,,,,,,,,,,,,,,,,,,
//斬撃4,,,,,,,,,,,,,,,,,,,,
//SRC定義,(NULL),gr,x,y,w,h,div_x,div_y,cycle,timer,op1,op2,op3,,,,,,,
#SRC_IMAGE,0,50,699,2180,400,320,1,10,167,48,0,0,0,,,,,,,
//DST定義,(NULL),time,x,y,w,h,acc,a,r,g,b,blend,filter,angle,center,loop,timer,op1,op2,op3
#DST_IMAGE,0,216,580,306,800,64,0,255,255,255,255,2,1,86,0,-1,49,0,0,0
#DST_IMAGE,0,383,580,306,800,64,0,255,255,255,255,2,1,86,0,-1,49,0,0,0
,,,,,,,,,,,,,,,,,,,,
//斬撃5,,,,,,,,,,,,,,,,,,,,
//SRC定義,(NULL),gr,x,y,w,h,div_x,div_y,cycle,timer,op1,op2,op3,,,,,,,
#SRC_IMAGE,0,50,1100,2180,400,320,1,10,167,48,0,0,0,,,,,,,
//DST定義,(NULL),time,x,y,w,h,acc,a,r,g,b,blend,filter,angle,center,loop,timer,op1,op2,op3
#DST_IMAGE,0,250,894,170,600,48,0,255,255,255,255,2,1,119,0,-1,49,0,0,0
#DST_IMAGE,0,417,894,170,600,48,0,255,255,255,255,2,1,119,0,-1,49,0,0,0
,,,,,,,,,,,,,,,,,,,,
//斬撃6,,,,,,,,,,,,,,,,,,,,
//SRC定義,(NULL),gr,x,y,w,h,div_x,div_y,cycle,timer,op1,op2,op3,,,,,,,
#SRC_IMAGE,0,50,1100,2180,400,320,1,10,167,48,0,0,0,,,,,,,
//DST定義,(NULL),time,x,y,w,h,acc,a,r,g,b,blend,filter,angle,center,loop,timer,op1,op2,op3
#DST_IMAGE,0,383,785,396,840,67,0,255,255,255,255,2,1,-29,0,-1,49,0,0,0
#DST_IMAGE,0,550,785,396,840,67,0,255,255,255,255,2,1,-29,0,-1,49,0,0,0
,,,,,,,,,,,,,,,,,,,,
//斬撃7,,,,,,,,,,,,,,,,,,,,
//SRC定義,(NULL),gr,x,y,w,h,div_x,div_y,cycle,timer,op1,op2,op3,,,,,,,
#SRC_IMAGE,0,50,1100,2180,400,320,1,10,167,48,0,0,0,,,,,,,
//DST定義,(NULL),time,x,y,w,h,acc,a,r,g,b,blend,filter,angle,center,loop,timer,op1,op2,op3
#DST_IMAGE,0,517,439,193,1160,93,0,255,255,255,255,2,1,17,0,-1,49,0,0,0
#DST_IMAGE,0,684,439,193,1160,93,0,255,255,255,255,2,1,17,0,-1,49,0,0,0
,,,,,,,,,,,,,,,,,,,,
//斬撃8,,,,,,,,,,,,,,,,,,,,
//SRC定義,(NULL),gr,x,y,w,h,div_x,div_y,cycle,timer,op1,op2,op3,,,,,,,
#SRC_IMAGE,0,50,1100,294,400,320,1,10,150,48,0,0,0,,,,,,,
//DST定義,(NULL),time,x,y,w,h,acc,a,r,g,b,blend,filter,angle,center,loop,timer,op1,op2,op3
#DST_IMAGE,0,686,492,278,1200,96,0,255,255,255,255,2,1,-66,0,-1,49,0,0,0
#DST_IMAGE,0,836,492,278,1200,96,0,255,255,255,255,2,1,-66,0,-1,49,0,0,0
,,,,,,,,,,,,,,,,,,,,
//光1,,,,,,,,,,,,,,,,,,,,
//SRC定義,(NULL),gr,x,y,w,h,div_x,div_y,cycle,timer,op1,op2,op3,,,,,,,
#SRC_IMAGE,0,50,1100,0,300,293,1,1,0,48,0,0,0,,,,,,,
//DST定義,(NULL),time,x,y,w,h,acc,a,r,g,b,blend,filter,angle,center,loop,timer,op1,op2,op3
#DST_IMAGE,0,16,795,168,600,586,0,255,255,255,255,2,0,0,0,-1,49,0,0,0
#DST_IMAGE,0,83,795,168,600,586,0,255,255,255,255,2,0,0,0,,,,,
,,,,,,,,,,,,,,,,,,,,
//光2,,,,,,,,,,,,,,,,,,,,
//SRC定義,(NULL),gr,x,y,w,h,div_x,div_y,cycle,timer,op1,op2,op3,,,,,,,
#SRC_IMAGE,0,50,1100,0,300,293,1,1,0,48,0,0,0,,,,,,,
//DST定義,(NULL),time,x,y,w,h,acc,a,r,g,b,blend,filter,angle,center,loop,timer,op1,op2,op3
#DST_IMAGE,0,133,995,433,270,264,0,255,255,255,255,2,1,0,0,-1,49,0,0,0
#DST_IMAGE,0,183,995,433,270,264,0,255,255,255,255,2,1,0,0,,,,,
,,,,,,,,,,,,,,,,,,,,
//光3,,,,,,,,,,,,,,,,,,,,
//SRC定義,(NULL),gr,x,y,w,h,div_x,div_y,cycle,timer,op1,op2,op3,,,,,,,
#SRC_IMAGE,0,50,1100,0,300,293,1,1,0,48,0,0,0,,,,,,,
//DST定義,(NULL),time,x,y,w,h,acc,a,r,g,b,blend,filter,angle,center,loop,timer,op1,op2,op3
#DST_IMAGE,0,133,646,-83,900,879,0,255,255,255,255,2,1,0,0,-1,49,0,0,0
#DST_IMAGE,0,183,646,-83,900,879,0,255,255,255,255,2,1,0,0,,,,,
,,,,,,,,,,,,,,,,,,,,
//光4,,,,,,,,,,,,,,,,,,,,
//SRC定義,(NULL),gr,x,y,w,h,div_x,div_y,cycle,timer,op1,op2,op3,,,,,,,
#SRC_IMAGE,0,50,1100,0,300,293,1,1,0,48,0,0,0,,,,,,,
//DST定義,(NULL),time,x,y,w,h,acc,a,r,g,b,blend,filter,angle,center,loop,timer,op1,op2,op3
#DST_IMAGE,0,216,685,23,600,586,0,255,255,255,255,2,1,0,0,-1,49,0,0,0
#DST_IMAGE,0,267,685,23,600,586,0,255,255,255,255,2,1,0,0,,,,,
,,,,,,,,,,,,,,,,,,,,
//光5,,,,,,,,,,,,,,,,,,,,
//SRC定義,(NULL),gr,x,y,w,h,div_x,div_y,cycle,timer,op1,op2,op3,,,,,,,
#SRC_IMAGE,0,50,1100,0,300,293,1,1,0,48,0,0,0,,,,,,,
//DST定義,(NULL),time,x,y,w,h,acc,a,r,g,b,blend,filter,angle,center,loop,timer,op1,op2,op3
#DST_IMAGE,0,250,977,-27,450,440,0,255,255,255,255,2,1,0,0,-1,49,0,0,0
#DST_IMAGE,0,300,977,-27,450,440,0,255,255,255,255,2,1,0,0,,,,,
,,,,,,,,,,,,,,,,,,,,
//光6,,,,,,,,,,,,,,,,,,,,
//SRC定義,(NULL),gr,x,y,w,h,div_x,div_y,cycle,timer,op1,op2,op3,,,,,,,
#SRC_IMAGE,0,50,1100,0,300,293,1,1,0,48,0,0,0,,,,,,,
//DST定義,(NULL),time,x,y,w,h,acc,a,r,g,b,blend,filter,angle,center,loop,timer,op1,op2,op3
#DST_IMAGE,0,383,884,154,600,586,0,255,255,255,255,2,1,0,0,-1,49,0,0,0
#DST_IMAGE,0,450,884,154,600,586,0,255,255,255,255,2,1,0,0,,,,,
,,,,,,,,,,,,,,,,,,,,
//光7,,,,,,,,,,,,,,,,,,,,
//SRC定義,(NULL),gr,x,y,w,h,div_x,div_y,cycle,timer,op1,op2,op3,,,,,,,
#SRC_IMAGE,0,50,1100,0,300,293,1,1,0,48,0,0,0,,,,,,,
//DST定義,(NULL),time,x,y,w,h,acc,a,r,g,b,blend,filter,angle,center,loop,timer,op1,op2,op3
#DST_IMAGE,0,517,625,-161,804,785,0,255,255,255,255,2,1,0,0,-1,49,0,0,0
#DST_IMAGE,0,600,625,-161,804,785,0,255,255,255,255,2,1,0,0,,,,,
,,,,,,,,,,,,,,,,,,,,
//光8,,,,,,,,,,,,,,,,,,,,
//SRC定義,(NULL),gr,x,y,w,h,div_x,div_y,cycle,timer,op1,op2,op3,,,,,,,
#SRC_IMAGE,0,50,1100,0,300,293,1,1,0,48,0,0,0,,,,,,,
//DST定義,(NULL),time,x,y,w,h,acc,a,r,g,b,blend,filter,angle,center,loop,timer,op1,op2,op3
#DST_IMAGE,0,686,691,-199,900,879,0,255,255,255,255,2,1,0,0,-1,49,0,0,0
#DST_IMAGE,0,746,691,-199,900,879,0,255,255,255,255,2,1,0,0,,,,,
,,,,,,,,,,,,,,,,,,,,
#ELSEIF,901,,,,,,,,,,,,,,,,,,,
,,,,,,,,,,,,,,,,,,,,
//上昇する光1,,,,,,,,,,,,,,,,,,,,
//SRC定義,(NULL),gr,x,y,w,h,div_x,div_y,cycle,timer,op1,op2,op3,,,,,,,
#SRC_IMAGE,0,50,14,0,2,347,1,1,0,0,0,0,0,,,,,,,
//DST定義,(NULL),time,x,y,w,h,acc,a,r,g,b,blend,filter,angle,center,loop,timer,op1,op2,op3
#DST_IMAGE,0,33,82,482,2,-47,0,255,255,255,255,2,0,0,0,-1,48,0,0,0
#DST_IMAGE,0,133,82,467,2,-347,0,255,255,255,255,2,0,0,0,,,,,
#DST_IMAGE,0,266,82,47,2,-347,0,255,255,255,255,2,0,0,0,,,,,
,,,,,,,,,,,,,,,,,,,,
//上昇する光2,,,,,,,,,,,,,,,,,,,,
//SRC定義,(NULL),gr,x,y,w,h,div_x,div_y,cycle,timer,op1,op2,op3,,,,,,,
#SRC_IMAGE,0,50,14,0,2,347,1,1,0,0,0,0,0,,,,,,,
//DST定義,(NULL),time,x,y,w,h,acc,a,r,g,b,blend,filter,angle,center,loop,timer,op1,op2,op3
#DST_IMAGE,0,33,166,482,2,-12,0,255,255,255,255,2,0,0,0,-1,48,0,0,0
#DST_IMAGE,0,383,166,463,2,-347,0,255,255,255,255,2,0,0,0,,,,,
#DST_IMAGE,0,833,166,9,2,-347,0,255,255,255,255,2,0,0,0,,,,,
,,,,,,,,,,,,,,,,,,,,
//上昇する光3,,,,,,,,,,,,,,,,,,,,
//SRC定義,(NULL),gr,x,y,w,h,div_x,div_y,cycle,timer,op1,op2,op3,,,,,,,
#SRC_IMAGE,0,50,14,0,2,347,1,1,0,0,0,0,0,,,,,,,
//DST定義,(NULL),time,x,y,w,h,acc,a,r,g,b,blend,filter,angle,center,loop,timer,op1,op2,op3
#DST_IMAGE,0,33,193,482,2,-21,0,255,255,255,255,2,0,0,0,-1,48,0,0,0
#DST_IMAGE,0,216,193,475,2,-347,0,255,255,255,255,2,0,0,0,,,,,
#DST_IMAGE,0,466,193,22,2,-347,0,255,255,255,255,2,0,0,0,,,,,
,,,,,,,,,,,,,,,,,,,,
//上昇する光4,,,,,,,,,,,,,,,,,,,,
//SRC定義,(NULL),gr,x,y,w,h,div_x,div_y,cycle,timer,op1,op2,op3,,,,,,,
#SRC_IMAGE,0,50,14,0,2,347,1,1,0,0,0,0,0,,,,,,,
//DST定義,(NULL),time,x,y,w,h,acc,a,r,g,b,blend,filter,angle,center,loop,timer,op1,op2,op3
#DST_IMAGE,0,83,133,482,2,-56,0,255,255,255,255,2,0,0,0,-1,48,0,0,0
#DST_IMAGE,0,166,133,419,2,-347,0,255,255,255,255,2,0,0,0,,,,,
#DST_IMAGE,0,250,133,65,2,-347,0,255,255,255,255,2,0,0,0,,,,,
,,,,,,,,,,,,,,,,,,,,
//上昇する光5,,,,,,,,,,,,,,,,,,,,
//SRC定義,(NULL),gr,x,y,w,h,div_x,div_y,cycle,timer,op1,op2,op3,,,,,,,
#SRC_IMAGE,0,50,14,0,2,347,1,1,0,0,0,0,0,,,,,,,
//DST定義,(NULL),time,x,y,w,h,acc,a,r,g,b,blend,filter,angle,center,loop,timer,op1,op2,op3
#DST_IMAGE,0,116,283,482,2,-29,0,255,255,255,255,2,0,0,0,-1,48,0,0,0
#DST_IMAGE,0,283,283,457,2,-347,0,255,255,255,255,2,0,0,0,,,,,
#DST_IMAGE,0,500,283,11,2,-347,0,255,255,255,255,2,0,0,0,,,,,
,,,,,,,,,,,,,,,,,,,,
//上昇する光6,,,,,,,,,,,,,,,,,,,,
//SRC定義,(NULL),gr,x,y,w,h,div_x,div_y,cycle,timer,op1,op2,op3,,,,,,,
#SRC_IMAGE,0,50,14,0,2,347,1,1,0,0,0,0,0,,,,,,,
//DST定義,(NULL),time,x,y,w,h,acc,a,r,g,b,blend,filter,angle,center,loop,timer,op1,op2,op3
#DST_IMAGE,0,183,243,482,2,-64,0,255,255,255,255,2,0,0,0,-1,48,0,0,0
#DST_IMAGE,0,266,243,414,2,-347,0,255,255,255,255,2,0,0,0,,,,,
#DST_IMAGE,0,350,243,64,2,-347,0,255,255,255,255,2,0,0,0,,,,,
,,,,,,,,,,,,,,,,,,,,
//上昇する光7,,,,,,,,,,,,,,,,,,,,
//SRC定義,(NULL),gr,x,y,w,h,div_x,div_y,cycle,timer,op1,op2,op3,,,,,,,
#SRC_IMAGE,0,50,14,0,2,347,1,1,0,0,0,0,0,,,,,,,
//DST定義,(NULL),time,x,y,w,h,acc,a,r,g,b,blend,filter,angle,center,loop,timer,op1,op2,op3
#DST_IMAGE,0,216,209,482,2,-30,0,255,255,255,255,2,0,0,0,-1,48,0,0,0
#DST_IMAGE,0,383,209,449,2,-347,0,255,255,255,255,2,0,0,0,,,,,
#DST_IMAGE,0,583,209,30,2,-347,0,255,255,255,255,2,0,0,0,,,,,
,,,,,,,,,,,,,,,,,,,,
//上昇する光8,,,,,,,,,,,,,,,,,,,,
//SRC定義,(NULL),gr,x,y,w,h,div_x,div_y,cycle,timer,op1,op2,op3,,,,,,,
#SRC_IMAGE,0,50,14,0,2,347,1,1,0,0,0,0,0,,,,,,,
//DST定義,(NULL),time,x,y,w,h,acc,a,r,g,b,blend,filter,angle,center,loop,timer,op1,op2,op3
#DST_IMAGE,0,233,109,482,2,-46,0,255,255,255,255,2,0,0,0,-1,48,0,0,0
#DST_IMAGE,0,333,109,468,2,-347,0,255,255,255,255,2,0,0,0,,,,,
#DST_IMAGE,0,466,109,47,2,-347,0,255,255,255,255,2,0,0,0,,,,,
,,,,,,,,,,,,,,,,,,,,
//上昇する光9,,,,,,,,,,,,,,,,,,,,
//SRC定義,(NULL),gr,x,y,w,h,div_x,div_y,cycle,timer,op1,op2,op3,,,,,,,
#SRC_IMAGE,0,50,14,0,2,347,1,1,0,0,0,0,0,,,,,,,
//DST定義,(NULL),time,x,y,w,h,acc,a,r,g,b,blend,filter,angle,center,loop,timer,op1,op2,op3
#DST_IMAGE,0,250,72,482,2,-28,0,255,255,255,255,2,0,0,0,-1,48,0,0,0
#DST_IMAGE,0,416,72,464,2,-347,0,255,255,255,255,2,0,0,0,,,,,
#DST_IMAGE,0,633,72,26,2,-347,0,255,255,255,255,2,0,0,0,,,,,
,,,,,,,,,,,,,,,,,,,,
//上昇する光10,,,,,,,,,,,,,,,,,,,,
//SRC定義,(NULL),gr,x,y,w,h,div_x,div_y,cycle,timer,op1,op2,op3,,,,,,,
#SRC_IMAGE,0,50,14,0,2,347,1,1,0,0,0,0,0,,,,,,,
//DST定義,(NULL),time,x,y,w,h,acc,a,r,g,b,blend,filter,angle,center,loop,timer,op1,op2,op3
#DST_IMAGE,0,400,146,482,2,-20,0,255,255,255,255,2,0,0,0,-1,48,0,0,0
#DST_IMAGE,0,616,146,467,2,-347,0,255,255,255,255,2,0,0,0,,,,,
#DST_IMAGE,0,900,146,20,2,-347,0,255,255,255,255,2,0,0,0,,,,,
,,,,,,,,,,,,,,,,,,,,
//上昇する光11,,,,,,,,,,,,,,,,,,,,
//SRC定義,(NULL),gr,x,y,w,h,div_x,div_y,cycle,timer,op1,op2,op3,,,,,,,
#SRC_IMAGE,0,50,14,0,2,347,1,1,0,0,0,0,0,,,,,,,
//DST定義,(NULL),time,x,y,w,h,acc,a,r,g,b,blend,filter,angle,center,loop,timer,op1,op2,op3
#DST_IMAGE,0,416,243,482,2,-44,0,255,255,255,255,2,0,0,0,-1,48,0,0,0
#DST_IMAGE,0,516,243,468,2,-347,0,255,255,255,255,2,0,0,0,,,,,
#DST_IMAGE,0,650,243,45,2,-347,0,255,255,255,255,2,0,0,0,,,,,
,,,,,,,,,,,,,,,,,,,,
//上昇する光12,,,,,,,,,,,,,,,,,,,,
//SRC定義,(NULL),gr,x,y,w,h,div_x,div_y,cycle,timer,op1,op2,op3,,,,,,,
#SRC_IMAGE,0,50,14,0,2,347,1,1,0,0,0,0,0,,,,,,,
//DST定義,(NULL),time,x,y,w,h,acc,a,r,g,b,blend,filter,angle,center,loop,timer,op1,op2,op3
#DST_IMAGE,0,450,318,482,2,-41,0,255,255,255,255,2,0,0,0,-1,48,0,0,0
#DST_IMAGE,0,550,318,470,2,-347,0,255,255,255,255,2,0,0,0,,,,,
#DST_IMAGE,0,683,318,47,2,-347,0,255,255,255,255,2,0,0,0,,,,,
,,,,,,,,,,,,,,,,,,,,
//上昇する光13,,,,,,,,,,,,,,,,,,,,
//SRC定義,(NULL),gr,x,y,w,h,div_x,div_y,cycle,timer,op1,op2,op3,,,,,,,
#SRC_IMAGE,0,50,14,0,2,347,1,1,0,0,0,0,0,,,,,,,
//DST定義,(NULL),time,x,y,w,h,acc,a,r,g,b,blend,filter,angle,center,loop,timer,op1,op2,op3
#DST_IMAGE,0,450,102,482,2,-13,0,255,255,255,255,2,0,0,0,-1,48,0,0,0
#DST_IMAGE,0,750,102,480,2,-347,0,255,255,255,255,2,0,0,0,,,,,
#DST_IMAGE,0,1166,102,14,2,-347,0,255,255,255,255,2,0,0,0,,,,,
,,,,,,,,,,,,,,,,,,,,
//メイン1,,,,,,,,,,,,,,,,,,,,
//SRC定義,(NULL),gr,x,y,w,h,div_x,div_y,cycle,timer,op1,op2,op3,,,,,,,
#SRC_IMAGE,0,50,0,0,4,507,1,1,0,0,0,0,0,,,,,,,
//DST定義,(NULL),time,x,y,w,h,acc,a,r,g,b,blend,filter,angle,center,loop,timer,op1,op2,op3
#DST_IMAGE,0,16,50,482,288,0,0,255,255,255,255,2,0,0,0,-1,48,0,0,0
#DST_IMAGE,0,116,50,482,288,-507,0,255,255,255,255,2,0,0,0,,,,,
#DST_IMAGE,0,583,193,482,2,-507,0,255,255,255,255,2,0,0,0,,,,,
#DST_IMAGE,0,833,193,482,2,-507,0,130,255,255,255,2,0,0,0,,,,,
#DST_IMAGE,0,1233,193,482,2,-507,0,0,255,255,255,2,0,0,0,,,,,
,,,,,,,,,,,,,,,,,,,,
//メイン2,,,,,,,,,,,,,,,,,,,,
//SRC定義,(NULL),gr,x,y,w,h,div_x,div_y,cycle,timer,op1,op2,op3,,,,,,,
#SRC_IMAGE,0,50,5,0,1,482,1,1,0,0,0,0,0,,,,,,,
//DST定義,(NULL),time,x,y,w,h,acc,a,r,g,b,blend,filter,angle,center,loop,timer,op1,op2,op3
#DST_IMAGE,0,16,50,482,288,-482,0,0,255,255,255,2,0,0,0,-1,48,0,0,0
#DST_IMAGE,0,183,50,482,288,-482,0,255,255,255,255,2,0,0,0,,,,,
#DST_IMAGE,0,333,50,482,288,-482,0,255,255,255,255,2,0,0,0,,,,,
#DST_IMAGE,0,683,50,482,288,-482,0,0,255,255,255,2,0,0,0,,,,,
,,,,,,,,,,,,,,,,,,,,
//メイン3,,,,,,,,,,,,,,,,,,,,
//SRC定義,(NULL),gr,x,y,w,h,div_x,div_y,cycle,timer,op1,op2,op3,,,,,,,
#SRC_IMAGE,0,50,17,0,458,151,1,1,0,0,0,0,0,,,,,,,
//DST定義,(NULL),time,x,y,w,h,acc,a,r,g,b,blend,filter,angle,center,loop,timer,op1,op2,op3
#DST_IMAGE,0,33,-37,406,458,151,0,40,255,255,255,2,0,0,0,-1,48,0,0,0
#DST_IMAGE,0,133,-37,181,458,604,0,255,255,255,255,2,0,0,0,,,,,
#DST_IMAGE,0,516,-37,263,458,439,0,250,255,255,255,2,0,0,0,,,,,
#DST_IMAGE,0,833,-37,331,458,302,0,150,255,255,255,2,0,0,0,,,,,
#DST_IMAGE,0,1316,-37,331,458,302,0,0,255,255,255,2,0,0,0,,,,,
,,,,,,,,,,,,,,,,,,,,
//メイン4,,,,,,,,,,,,,,,,,,,,
//SRC定義,(NULL),gr,x,y,w,h,div_x,div_y,cycle,timer,op1,op2,op3,,,,,,,
#SRC_IMAGE,0,50,211,0,60,151,1,1,0,0,0,0,0,,,,,,,
//DST定義,(NULL),time,x,y,w,h,acc,a,r,g,b,blend,filter,angle,center,loop,timer,op1,op2,op3
#DST_IMAGE,0,366,-48,124,482,235,0,30,255,255,255,2,0,90,0,-1,48,0,0,0
#DST_IMAGE,0,500,-48,150,482,181,0,255,255,255,255,2,0,90,0,,,,,
#DST_IMAGE,0,816,-48,216,482,51,0,100,255,255,255,2,0,90,0,,,,,
#DST_IMAGE,0,1050,-48,216,482,51,0,0,255,255,255,2,0,90,0,,,,,
,,,,,,,,,,,,,,,,,,,,
//フラッシュ,,,,,,,,,,,,,,,,,,,,
//SRC定義,(NULL),gr,x,y,w,h,div_x,div_y,cycle,timer,op1,op2,op3,,,,,,,
#SRC_IMAGE,0,50,17,326,640,640,1,1,0,0,0,0,0,,,,,,,
//DST定義,(NULL),time,x,y,w,h,acc,a,r,g,b,blend,filter,angle,center,loop,timer,op1,op2,op3
#DST_IMAGE,0,16,28,296,320,320,0,255,255,255,255,2,0,0,0,-1,48,0,0,0
#DST_IMAGE,0,183,-276,-8,930,930,0,255,255,255,255,2,0,0,0,,,,,
#DST_IMAGE,0,350,-452,-184,1280,1280,0,0,255,255,255,2,0,0,0,,,,,
,,,,,,,,,,,,,,,,,,,,
//キラキラ1,,,,,,,,,,,,,,,,,,,,
//SRC定義,(NULL),gr,x,y,w,h,div_x,div_y,cycle,timer,op1,op2,op3,,,,,,,
#SRC_IMAGE,0,50,218,152,27,155,1,5,83,48,0,0,0,,,,,,,
//DST定義,(NULL),time,x,y,w,h,acc,a,r,g,b,blend,filter,angle,center,loop,timer,op1,op2,op3
#DST_IMAGE,0,16,104,449,27,31,0,255,255,255,255,2,0,0,0,-1,48,0,0,0
#DST_IMAGE,0,800,104,360,27,31,0,255,255,255,255,2,0,0,0,,,,,
,,,,,,,,,,,,,,,,,,,,
//キラキラ2,,,,,,,,,,,,,,,,,,,,
//SRC定義,(NULL),gr,x,y,w,h,div_x,div_y,cycle,timer,op1,op2,op3,,,,,,,
#SRC_IMAGE,0,50,218,152,27,155,1,5,83,48,0,0,0,,,,,,,
//DST定義,(NULL),time,x,y,w,h,acc,a,r,g,b,blend,filter,angle,center,loop,timer,op1,op2,op3
#DST_IMAGE,0,150,242,449,27,31,0,255,255,255,255,2,0,0,0,-1,48,0,0,0
#DST_IMAGE,0,833,242,317,27,31,0,255,255,255,255,2,0,0,0,,,,,
,,,,,,,,,,,,,,,,,,,,
//キラキラ3,,,,,,,,,,,,,,,,,,,,
//SRC定義,(NULL),gr,x,y,w,h,div_x,div_y,cycle,timer,op1,op2,op3,,,,,,,
#SRC_IMAGE,0,50,218,152,27,155,1,5,83,48,0,0,0,,,,,,,
//DST定義,(NULL),time,x,y,w,h,acc,a,r,g,b,blend,filter,angle,center,loop,timer,op1,op2,op3
#DST_IMAGE,0,183,166,449,27,31,0,255,255,255,255,2,0,0,0,-1,48,0,0,0
#DST_IMAGE,0,1016,166,110,27,31,0,255,255,255,255,2,0,0,0,,,,,
,,,,,,,,,,,,,,,,,,,,
//キラキラ4,,,,,,,,,,,,,,,,,,,,
//SRC定義,(NULL),gr,x,y,w,h,div_x,div_y,cycle,timer,op1,op2,op3,,,,,,,
#SRC_IMAGE,0,50,218,152,27,155,1,5,83,48,0,0,0,,,,,,,
//DST定義,(NULL),time,x,y,w,h,acc,a,r,g,b,blend,filter,angle,center,loop,timer,op1,op2,op3
#DST_IMAGE,0,233,200,449,27,31,0,255,255,255,255,2,0,0,0,-1,48,0,0,0
#DST_IMAGE,0,916,200,249,27,31,0,255,255,255,255,2,0,0,0,,,,,
,,,,,,,,,,,,,,,,,,,,
//キラキラ5,,,,,,,,,,,,,,,,,,,,
//SRC定義,(NULL),gr,x,y,w,h,div_x,div_y,cycle,timer,op1,op2,op3,,,,,,,
#SRC_IMAGE,0,50,218,152,27,155,1,5,83,48,0,0,0,,,,,,,
//DST定義,(NULL),time,x,y,w,h,acc,a,r,g,b,blend,filter,angle,center,loop,timer,op1,op2,op3
#DST_IMAGE,0,250,135,449,27,31,0,255,255,255,255,2,0,0,0,-1,48,0,0,0
#DST_IMAGE,0,933,135,263,27,31,0,255,255,255,255,2,0,0,0,,,,,
,,,,,,,,,,,,,,,,,,,,
//キラキラ6,,,,,,,,,,,,,,,,,,,,
//SRC定義,(NULL),gr,x,y,w,h,div_x,div_y,cycle,timer,op1,op2,op3,,,,,,,
#SRC_IMAGE,0,50,218,152,27,155,1,5,83,48,0,0,0,,,,,,,
//DST定義,(NULL),time,x,y,w,h,acc,a,r,g,b,blend,filter,angle,center,loop,timer,op1,op2,op3
#DST_IMAGE,0,266,231,449,27,31,0,255,255,255,255,2,0,0,0,-1,48,0,0,0
#DST_IMAGE,0,1050,231,270,27,31,0,255,255,255,255,2,0,0,0,,,,,
,,,,,,,,,,,,,,,,,,,,
//キラキラ7,,,,,,,,,,,,,,,,,,,,
//SRC定義,(NULL),gr,x,y,w,h,div_x,div_y,cycle,timer,op1,op2,op3,,,,,,,
#SRC_IMAGE,0,50,218,152,27,155,1,5,83,48,0,0,0,,,,,,,
//DST定義,(NULL),time,x,y,w,h,acc,a,r,g,b,blend,filter,angle,center,loop,timer,op1,op2,op3
#DST_IMAGE,0,283,193,451,27,31,0,255,255,255,255,2,0,0,0,-1,48,0,0,0
#DST_IMAGE,0,900,193,127,27,31,0,255,255,255,255,2,0,0,0,,,,,
,,,,,,,,,,,,,,,,,,,,
//キラキラ8,,,,,,,,,,,,,,,,,,,,
//SRC定義,(NULL),gr,x,y,w,h,div_x,div_y,cycle,timer,op1,op2,op3,,,,,,,
#SRC_IMAGE,0,50,218,152,27,155,1,5,83,48,0,0,0,,,,,,,
//DST定義,(NULL),time,x,y,w,h,acc,a,r,g,b,blend,filter,angle,center,loop,timer,op1,op2,op3
#DST_IMAGE,0,350,94,449,27,31,0,255,255,255,255,2,0,0,0,-1,48,0,0,0
#DST_IMAGE,0,1133,94,297,27,31,0,255,255,255,255,2,0,0,0,,,,,
,,,,,,,,,,,,,,,,,,,,
//キラキラ9,,,,,,,,,,,,,,,,,,,,
//SRC定義,(NULL),gr,x,y,w,h,div_x,div_y,cycle,timer,op1,op2,op3,,,,,,,
#SRC_IMAGE,0,50,218,152,27,155,1,5,83,48,0,0,0,,,,,,,
//DST定義,(NULL),time,x,y,w,h,acc,a,r,g,b,blend,filter,angle,center,loop,timer,op1,op2,op3
#DST_IMAGE,0,350,205,449,27,31,0,255,255,255,255,2,0,0,0,-1,48,0,0,0
#DST_IMAGE,0,1100,205,312,27,31,0,255,255,255,255,2,0,0,0,,,,,
,,,,,,,,,,,,,,,,,,,,
//キラキラ10,,,,,,,,,,,,,,,,,,,,
//SRC定義,(NULL),gr,x,y,w,h,div_x,div_y,cycle,timer,op1,op2,op3,,,,,,,
#SRC_IMAGE,0,50,218,152,27,155,1,5,83,48,0,0,0,,,,,,,
//DST定義,(NULL),time,x,y,w,h,acc,a,r,g,b,blend,filter,angle,center,loop,timer,op1,op2,op3
#DST_IMAGE,0,383,171,451,27,31,0,255,255,255,255,2,0,0,0,-1,48,0,0,0
#DST_IMAGE,0,1166,171,186,27,31,0,255,255,255,255,2,0,0,0,,,,,
,,,,,,,,,,,,,,,,,,,,
//キラキラ11,,,,,,,,,,,,,,,,,,,,
//SRC定義,(NULL),gr,x,y,w,h,div_x,div_y,cycle,timer,op1,op2,op3,,,,,,,
#SRC_IMAGE,0,50,218,152,27,155,1,5,83,48,0,0,0,,,,,,,
//DST定義,(NULL),time,x,y,w,h,acc,a,r,g,b,blend,filter,angle,center,loop,timer,op1,op2,op3
#DST_IMAGE,0,383,211,451,27,31,0,255,255,255,255,2,0,0,0,-1,48,0,0,0
#DST_IMAGE,0,1166,211,245,27,31,0,255,255,255,255,2,0,0,0,,,,,
,,,,,,,,,,,,,,,,,,,,
//キラキラ12,,,,,,,,,,,,,,,,,,,,
//SRC定義,(NULL),gr,x,y,w,h,div_x,div_y,cycle,timer,op1,op2,op3,,,,,,,
#SRC_IMAGE,0,50,218,152,27,155,1,5,83,48,0,0,0,,,,,,,
//DST定義,(NULL),time,x,y,w,h,acc,a,r,g,b,blend,filter,angle,center,loop,timer,op1,op2,op3
#DST_IMAGE,0,433,190,451,27,31,0,255,255,255,255,2,0,0,0,-1,48,0,0,0
#DST_IMAGE,0,783,190,391,27,31,0,255,255,255,255,2,0,0,0,,,,,
#DST_IMAGE,0,1033,190,291,27,31,0,255,255,255,255,2,0,0,0,,,,,
,,,,,,,,,,,,,,,,,,,,
//キラキラ13,,,,,,,,,,,,,,,,,,,,
//SRC定義,(NULL),gr,x,y,w,h,div_x,div_y,cycle,timer,op1,op2,op3,,,,,,,
#SRC_IMAGE,0,50,218,152,27,155,1,5,83,48,0,0,0,,,,,,,
//DST定義,(NULL),time,x,y,w,h,acc,a,r,g,b,blend,filter,angle,center,loop,timer,op1,op2,op3
#DST_IMAGE,0,483,147,451,27,31,0,255,255,255,255,2,0,0,0,-1,48,0,0,0
#DST_IMAGE,0,833,147,322,27,31,0,255,255,255,255,2,0,0,0,,,,,
,,,,,,,,,,,,,,,,,,,,
//キラキラ14,,,,,,,,,,,,,,,,,,,,
//SRC定義,(NULL),gr,x,y,w,h,div_x,div_y,cycle,timer,op1,op2,op3,,,,,,,
#SRC_IMAGE,0,50,218,152,27,155,1,5,83,48,0,0,0,,,,,,,
//DST定義,(NULL),time,x,y,w,h,acc,a,r,g,b,blend,filter,angle,center,loop,timer,op1,op2,op3
#DST_IMAGE,0,500,155,449,27,31,0,255,255,255,255,2,0,0,0,-1,48,0,0,0
#DST_IMAGE,0,1183,155,-12,27,31,0,255,255,255,255,2,0,0,0,,,,,
,,,,,,,,,,,,,,,,,,,,
//キラキラ15,,,,,,,,,,,,,,,,,,,,
//SRC定義,(NULL),gr,x,y,w,h,div_x,div_y,cycle,timer,op1,op2,op3,,,,,,,
#SRC_IMAGE,0,50,218,152,27,155,1,5,83,48,0,0,0,,,,,,,
//DST定義,(NULL),time,x,y,w,h,acc,a,r,g,b,blend,filter,angle,center,loop,timer,op1,op2,op3
#DST_IMAGE,0,500,186,449,27,31,0,255,255,255,255,2,0,0,0,-1,48,0,0,0
#DST_IMAGE,0,1283,186,40,27,31,0,255,255,255,255,2,0,0,0,,,,,
,,,,,,,,,,,,,,,,,,,,
//キラキラ16,,,,,,,,,,,,,,,,,,,,
//SRC定義,(NULL),gr,x,y,w,h,div_x,div_y,cycle,timer,op1,op2,op3,,,,,,,
#SRC_IMAGE,0,50,218,152,27,155,1,5,83,48,0,0,0,,,,,,,
//DST定義,(NULL),time,x,y,w,h,acc,a,r,g,b,blend,filter,angle,center,loop,timer,op1,op2,op3
#DST_IMAGE,0,500,201,449,27,31,0,255,255,255,255,2,0,0,0,-1,48,0,0,0
#DST_IMAGE,0,1266,201,-15,27,31,0,255,255,255,255,2,0,0,0,,,,,
,,,,,,,,,,,,,,,,,,,,
//キラキラ17,,,,,,,,,,,,,,,,,,,,
//SRC定義,(NULL),gr,x,y,w,h,div_x,div_y,cycle,timer,op1,op2,op3,,,,,,,
#SRC_IMAGE,0,50,218,152,27,155,1,5,83,48,0,0,0,,,,,,,
//DST定義,(NULL),time,x,y,w,h,acc,a,r,g,b,blend,filter,angle,center,loop,timer,op1,op2,op3
#DST_IMAGE,0,533,163,451,27,31,0,255,255,255,255,2,0,0,0,-1,48,0,0,0
#DST_IMAGE,0,1316,163,413,27,31,0,255,255,255,255,2,0,0,0,,,,,
,,,,,,,,,,,,,,,,,,,,
//キラキラ18,,,,,,,,,,,,,,,,,,,,
//SRC定義,(NULL),gr,x,y,w,h,div_x,div_y,cycle,timer,op1,op2,op3,,,,,,,
#SRC_IMAGE,0,50,218,152,27,155,1,5,83,48,0,0,0,,,,,,,
//DST定義,(NULL),time,x,y,w,h,acc,a,r,g,b,blend,filter,angle,center,loop,timer,op1,op2,op3
#DST_IMAGE,0,566,221,451,27,31,0,255,255,255,255,2,0,0,0,-1,48,0,0,0
#DST_IMAGE,0,1266,221,352,27,31,0,255,255,255,255,2,0,0,0,,,,,
,,,,,,,,,,,,,,,,,,,,
//キラキラ19,,,,,,,,,,,,,,,,,,,,
//SRC定義,(NULL),gr,x,y,w,h,div_x,div_y,cycle,timer,op1,op2,op3,,,,,,,
#SRC_IMAGE,0,50,218,152,27,155,1,5,83,48,0,0,0,,,,,,,
//DST定義,(NULL),time,x,y,w,h,acc,a,r,g,b,blend,filter,angle,center,loop,timer,op1,op2,op3
#DST_IMAGE,0,616,275,451,27,31,0,255,255,255,255,2,0,0,0,-1,48,0,0,0
#DST_IMAGE,0,966,275,384,27,31,0,255,255,255,255,2,0,0,0,,,,,
,,,,,,,,,,,,,,,,,,,,
//キラキラ20,,,,,,,,,,,,,,,,,,,,
//SRC定義,(NULL),gr,x,y,w,h,div_x,div_y,cycle,timer,op1,op2,op3,,,,,,,
#SRC_IMAGE,0,50,218,152,27,155,1,5,83,48,0,0,0,,,,,,,
//DST定義,(NULL),time,x,y,w,h,acc,a,r,g,b,blend,filter,angle,center,loop,timer,op1,op2,op3
#DST_IMAGE,0,683,123,451,27,31,0,255,255,255,255,2,0,0,0,-1,48,0,0,0
#DST_IMAGE,0,1216,123,354,27,31,0,255,255,255,255,2,0,0,0,,,,,
,,,,,,,,,,,,,,,,,,,,
//キラキラ21,,,,,,,,,,,,,,,,,,,,
//SRC定義,(NULL),gr,x,y,w,h,div_x,div_y,cycle,timer,op1,op2,op3,,,,,,,
#SRC_IMAGE,0,50,218,152,27,155,1,5,83,48,0,0,0,,,,,,,
//DST定義,(NULL),time,x,y,w,h,acc,a,r,g,b,blend,filter,angle,center,loop,timer,op1,op2,op3
#DST_IMAGE,0,700,78,451,27,31,0,255,255,255,255,2,0,0,0,-1,48,0,0,0
#DST_IMAGE,0,1050,78,426,27,31,0,255,255,255,255,2,0,0,0,,,,,
,,,,,,,,,,,,,,,,,,,,
//キラキラ22,,,,,,,,,,,,,,,,,,,,
//SRC定義,(NULL),gr,x,y,w,h,div_x,div_y,cycle,timer,op1,op2,op3,,,,,,,
#SRC_IMAGE,0,50,218,152,27,155,1,5,83,48,0,0,0,,,,,,,
//DST定義,(NULL),time,x,y,w,h,acc,a,r,g,b,blend,filter,angle,center,loop,timer,op1,op2,op3
#DST_IMAGE,0,750,178,451,27,31,0,255,255,255,255,2,0,0,0,-1,48,0,0,0
#DST_IMAGE,0,1283,178,279,27,31,0,255,255,255,255,2,0,0,0,,,,,
,,,,,,,,,,,,,,,,,,,,
//キラキラ23,,,,,,,,,,,,,,,,,,,,
//SRC定義,(NULL),gr,x,y,w,h,div_x,div_y,cycle,timer,op1,op2,op3,,,,,,,
#SRC_IMAGE,0,50,218,152,27,155,1,5,83,48,0,0,0,,,,,,,
//DST定義,(NULL),time,x,y,w,h,acc,a,r,g,b,blend,filter,angle,center,loop,timer,op1,op2,op3
#DST_IMAGE,0,866,245,451,27,31,0,255,255,255,255,2,0,0,0,-1,48,0,0,0
#DST_IMAGE,0,1216,245,387,27,31,0,255,255,255,255,2,0,0,0,,,,,
,,,,,,,,,,,,,,,,,,,,
//火花1,,,,,,,,,,,,,,,,,,,,
//SRC定義,(NULL),gr,x,y,w,h,div_x,div_y,cycle,timer,op1,op2,op3,,,,,,,
#SRC_IMAGE,0,50,0,967,352,347,1,1,0,48,0,0,0,,,,,,,
//DST定義,(NULL),time,x,y,w,h,acc,a,r,g,b,blend,filter,angle,center,loop,timer,op1,op2,op3
#DST_IMAGE,0,16,151,165,352,347,0,255,255,255,255,2,0,0,0,-1,48,0,0,0
#DST_IMAGE,0,100,151,165,352,347,0,255,255,255,255,2,0,0,0,,,,,
,,,,,,,,,,,,,,,,,,,,
//火花2,,,,,,,,,,,,,,,,,,,,
//SRC定義,(NULL),gr,x,y,w,h,div_x,div_y,cycle,timer,op1,op2,op3,,,,,,,
#SRC_IMAGE,0,50,353,967,616,352,1,1,0,48,0,0,0,,,,,,,
//DST定義,(NULL),time,x,y,w,h,acc,a,r,g,b,blend,filter,angle,center,loop,timer,op1,op2,op3
#DST_IMAGE,0,133,120,502,95,55,0,255,255,255,255,2,1,0,0,-1,48,0,0,0
#DST_IMAGE,0,233,-13,435,253,144,0,255,255,255,255,2,1,0,0,,,,,
,,,,,,,,,,,,,,,,,,,,
//火花3,,,,,,,,,,,,,,,,,,,,
//SRC定義,(NULL),gr,x,y,w,h,div_x,div_y,cycle,timer,op1,op2,op3,,,,,,,
#SRC_IMAGE,0,50,0,1320,608,418,1,1,0,48,0,0,0,,,,,,,
//DST定義,(NULL),time,x,y,w,h,acc,a,r,g,b,blend,filter,angle,center,loop,timer,op1,op2,op3
#DST_IMAGE,0,133,205,342,301,207,0,255,255,255,255,2,1,0,0,-1,48,0,0,0
#DST_IMAGE,0,316,150,282,912,627,0,255,255,255,255,2,1,0,0,,,,,
,,,,,,,,,,,,,,,,,,,,
//火花4,,,,,,,,,,,,,,,,,,,,
//SRC定義,(NULL),gr,x,y,w,h,div_x,div_y,cycle,timer,op1,op2,op3,,,,,,,
#SRC_IMAGE,0,50,609,1320,240,604,1,1,0,48,0,0,0,,,,,,,
//DST定義,(NULL),time,x,y,w,h,acc,a,r,g,b,blend,filter,angle,center,loop,timer,op1,op2,op3
#DST_IMAGE,0,216,18,22,199,299,0,255,255,255,255,2,1,0,0,-1,48,0,0,0
#DST_IMAGE,0,333,-92,-481,355,894,0,255,255,255,255,2,1,0,0,,,,,
,,,,,,,,,,,,,,,,,,,,
//火花5,,,,,,,,,,,,,,,,,,,,
//SRC定義,(NULL),gr,x,y,w,h,div_x,div_y,cycle,timer,op1,op2,op3,,,,,,,
#SRC_IMAGE,0,50,850,1320,426,606,1,1,0,48,0,0,0,,,,,,,
//DST定義,(NULL),time,x,y,w,h,acc,a,r,g,b,blend,filter,angle,center,loop,timer,op1,op2,op3
#DST_IMAGE,0,250,115,166,209,297,0,255,255,255,255,2,1,0,0,-1,48,0,0,0
#DST_IMAGE,0,367,-167,109,630,897,0,255,255,255,255,2,1,0,0,,,,,
,,,,,,,,,,,,,,,,,,,,
//火花6,,,,,,,,,,,,,,,,,,,,
//SRC定義,(NULL),gr,x,y,w,h,div_x,div_y,cycle,timer,op1,op2,op3,,,,,,,
#SRC_IMAGE,0,50,0,1739,592,470,1,1,0,48,0,0,0,,,,,,,
//DST定義,(NULL),time,x,y,w,h,acc,a,r,g,b,blend,filter,angle,center,loop,timer,op1,op2,op3
#DST_IMAGE,0,383,39,344,343,240,0,255,255,255,255,2,1,0,0,-1,48,0,0,0
#DST_IMAGE,0,517,-122,391,420,325,0,255,255,255,255,2,1,0,0,,,,,
,,,,,,,,,,,,,,,,,,,,
//火花7,,,,,,,,,,,,,,,,,,,,
//SRC定義,(NULL),gr,x,y,w,h,div_x,div_y,cycle,timer,op1,op2,op3,,,,,,,
#SRC_IMAGE,0,50,730,615,614,316,1,1,0,48,0,0,0,,,,,,,
//DST定義,(NULL),time,x,y,w,h,acc,a,r,g,b,blend,filter,angle,center,loop,timer,op1,op2,op3
#DST_IMAGE,0,583,83,204,184,95,0,255,255,255,255,2,1,0,0,-1,48,0,0,0
#DST_IMAGE,0,700,57,168,479,246,0,255,255,255,255,2,1,0,0,,,,,
,,,,,,,,,,,,,,,,,,,,
//火花8,,,,,,,,,,,,,,,,,,,,
//SRC定義,(NULL),gr,x,y,w,h,div_x,div_y,cycle,timer,op1,op2,op3,,,,,,,
#SRC_IMAGE,0,50,730,0,370,614,1,1,0,48,0,0,0,,,,,,,
//DST定義,(NULL),time,x,y,w,h,acc,a,r,g,b,blend,filter,angle,center,loop,timer,op1,op2,op3
#DST_IMAGE,0,717,178,179,100,166,0,255,255,255,255,2,1,0,0,-1,48,0,0,0
#DST_IMAGE,0,867,-190,107,555,921,0,255,255,255,255,2,1,0,0,,,,,
,,,,,,,,,,,,,,,,,,,,
//斬撃1,,,,,,,,,,,,,,,,,,,,
//SRC定義,(NULL),gr,x,y,w,h,div_x,div_y,cycle,timer,op1,op2,op3,,,,,,,
#SRC_IMAGE,0,50,1100,2180,400,320,1,10,167,48,0,0,0,,,,,,,
//DST定義,(NULL),time,x,y,w,h,acc,a,r,g,b,blend,filter,angle,center,loop,timer,op1,op2,op3
#DST_IMAGE,0,16,-170,387,800,64,0,255,255,255,255,2,0,-44,0,-1,48,0,0,0
#DST_IMAGE,0,167,-170,387,800,64,0,255,255,255,255,2,0,-44,0,-1,48,0,0,0
,,,,,,,,,,,,,,,,,,,,
//斬撃2,,,,,,,,,,,,,,,,,,,,
//SRC定義,(NULL),gr,x,y,w,h,div_x,div_y,cycle,timer,op1,op2,op3,,,,,,,
#SRC_IMAGE,0,50,1100,294,400,320,1,10,183,48,0,0,0,,,,,,,
//DST定義,(NULL),time,x,y,w,h,acc,a,r,g,b,blend,filter,angle,center,loop,timer,op1,op2,op3
#DST_IMAGE,0,133,61,550,360,29,0,255,255,255,255,2,1,24,0,-1,48,0,0,0
#DST_IMAGE,0,300,61,550,360,29,0,255,255,255,255,2,1,24,0,-1,48,0,0,0
,,,,,,,,,,,,,,,,,,,,
//斬撃3,,,,,,,,,,,,,,,,,,,,
//SRC定義,(NULL),gr,x,y,w,h,div_x,div_y,cycle,timer,op1,op2,op3,,,,,,,
#SRC_IMAGE,0,50,1100,294,400,320,1,10,183,48,0,0,0,,,,,,,
//DST定義,(NULL),time,x,y,w,h,acc,a,r,g,b,blend,filter,angle,center,loop,timer,op1,op2,op3
#DST_IMAGE,0,133,-295,363,1200,96,0,255,255,255,255,2,1,31,0,-1,48,0,0,0
#DST_IMAGE,0,316,-295,363,1200,96,0,255,255,255,255,2,1,31,0,-1,48,0,0,0
,,,,,,,,,,,,,,,,,,,,
//斬撃4,,,,,,,,,,,,,,,,,,,,
//SRC定義,(NULL),gr,x,y,w,h,div_x,div_y,cycle,timer,op1,op2,op3,,,,,,,
#SRC_IMAGE,0,50,699,2180,400,320,1,10,167,48,0,0,0,,,,,,,
//DST定義,(NULL),time,x,y,w,h,acc,a,r,g,b,blend,filter,angle,center,loop,timer,op1,op2,op3
#DST_IMAGE,0,216,-312,306,800,64,0,255,255,255,255,2,1,86,0,-1,48,0,0,0
#DST_IMAGE,0,383,-312,306,800,64,0,255,255,255,255,2,1,86,0,-1,48,0,0,0
,,,,,,,,,,,,,,,,,,,,
//斬撃5,,,,,,,,,,,,,,,,,,,,
//SRC定義,(NULL),gr,x,y,w,h,div_x,div_y,cycle,timer,op1,op2,op3,,,,,,,
#SRC_IMAGE,0,50,1100,2180,400,320,1,10,167,48,0,0,0,,,,,,,
//DST定義,(NULL),time,x,y,w,h,acc,a,r,g,b,blend,filter,angle,center,loop,timer,op1,op2,op3
#DST_IMAGE,0,250,2,170,600,48,0,255,255,255,255,2,1,119,0,-1,48,0,0,0
#DST_IMAGE,0,417,2,170,600,48,0,255,255,255,255,2,1,119,0,-1,48,0,0,0
,,,,,,,,,,,,,,,,,,,,
//斬撃6,,,,,,,,,,,,,,,,,,,,
//SRC定義,(NULL),gr,x,y,w,h,div_x,div_y,cycle,timer,op1,op2,op3,,,,,,,
#SRC_IMAGE,0,50,1100,2180,400,320,1,10,167,48,0,0,0,,,,,,,
//DST定義,(NULL),time,x,y,w,h,acc,a,r,g,b,blend,filter,angle,center,loop,timer,op1,op2,op3
#DST_IMAGE,0,383,-107,396,840,67,0,255,255,255,255,2,1,-29,0,-1,48,0,0,0
#DST_IMAGE,0,550,-107,396,840,67,0,255,255,255,255,2,1,-29,0,-1,48,0,0,0
,,,,,,,,,,,,,,,,,,,,
//斬撃7,,,,,,,,,,,,,,,,,,,,
//SRC定義,(NULL),gr,x,y,w,h,div_x,div_y,cycle,timer,op1,op2,op3,,,,,,,
#SRC_IMAGE,0,50,1100,2180,400,320,1,10,167,48,0,0,0,,,,,,,
//DST定義,(NULL),time,x,y,w,h,acc,a,r,g,b,blend,filter,angle,center,loop,timer,op1,op2,op3
#DST_IMAGE,0,517,-453,193,1160,93,0,255,255,255,255,2,1,17,0,-1,48,0,0,0
#DST_IMAGE,0,684,-453,193,1160,93,0,255,255,255,255,2,1,17,0,-1,48,0,0,0
,,,,,,,,,,,,,,,,,,,,
//斬撃8,,,,,,,,,,,,,,,,,,,,
//SRC定義,(NULL),gr,x,y,w,h,div_x,div_y,cycle,timer,op1,op2,op3,,,,,,,
#SRC_IMAGE,0,50,1100,294,400,320,1,10,150,48,0,0,0,,,,,,,
//DST定義,(NULL),time,x,y,w,h,acc,a,r,g,b,blend,filter,angle,center,loop,timer,op1,op2,op3
#DST_IMAGE,0,686,-400,278,1200,96,0,255,255,255,255,2,1,-66,0,-1,48,0,0,0
#DST_IMAGE,0,836,-400,278,1200,96,0,255,255,255,255,2,1,-66,0,-1,48,0,0,0
,,,,,,,,,,,,,,,,,,,,
//光1,,,,,,,,,,,,,,,,,,,,
//SRC定義,(NULL),gr,x,y,w,h,div_x,div_y,cycle,timer,op1,op2,op3,,,,,,,
#SRC_IMAGE,0,50,1100,0,300,293,1,1,0,48,0,0,0,,,,,,,
//DST定義,(NULL),time,x,y,w,h,acc,a,r,g,b,blend,filter,angle,center,loop,timer,op1,op2,op3
#DST_IMAGE,0,16,-97,168,600,586,0,255,255,255,255,2,0,0,0,-1,48,0,0,0
#DST_IMAGE,0,83,-97,168,600,586,0,255,255,255,255,2,0,0,0,,,,,
,,,,,,,,,,,,,,,,,,,,
//光2,,,,,,,,,,,,,,,,,,,,
//SRC定義,(NULL),gr,x,y,w,h,div_x,div_y,cycle,timer,op1,op2,op3,,,,,,,
#SRC_IMAGE,0,50,1100,0,300,293,1,1,0,48,0,0,0,,,,,,,
//DST定義,(NULL),time,x,y,w,h,acc,a,r,g,b,blend,filter,angle,center,loop,timer,op1,op2,op3
#DST_IMAGE,0,133,103,433,270,264,0,255,255,255,255,2,1,0,0,-1,48,0,0,0
#DST_IMAGE,0,183,103,433,270,264,0,255,255,255,255,2,1,0,0,,,,,
,,,,,,,,,,,,,,,,,,,,
//光3,,,,,,,,,,,,,,,,,,,,
//SRC定義,(NULL),gr,x,y,w,h,div_x,div_y,cycle,timer,op1,op2,op3,,,,,,,
#SRC_IMAGE,0,50,1100,0,300,293,1,1,0,48,0,0,0,,,,,,,
//DST定義,(NULL),time,x,y,w,h,acc,a,r,g,b,blend,filter,angle,center,loop,timer,op1,op2,op3
#DST_IMAGE,0,133,-246,-83,900,879,0,255,255,255,255,2,1,0,0,-1,48,0,0,0
#DST_IMAGE,0,183,-246,-83,900,879,0,255,255,255,255,2,1,0,0,,,,,
,,,,,,,,,,,,,,,,,,,,
//光4,,,,,,,,,,,,,,,,,,,,
//SRC定義,(NULL),gr,x,y,w,h,div_x,div_y,cycle,timer,op1,op2,op3,,,,,,,
#SRC_IMAGE,0,50,1100,0,300,293,1,1,0,48,0,0,0,,,,,,,
//DST定義,(NULL),time,x,y,w,h,acc,a,r,g,b,blend,filter,angle,center,loop,timer,op1,op2,op3
#DST_IMAGE,0,216,-207,23,600,586,0,255,255,255,255,2,1,0,0,-1,48,0,0,0
#DST_IMAGE,0,267,-207,23,600,586,0,255,255,255,255,2,1,0,0,,,,,
,,,,,,,,,,,,,,,,,,,,
//光5,,,,,,,,,,,,,,,,,,,,
//SRC定義,(NULL),gr,x,y,w,h,div_x,div_y,cycle,timer,op1,op2,op3,,,,,,,
#SRC_IMAGE,0,50,1100,0,300,293,1,1,0,48,0,0,0,,,,,,,
//DST定義,(NULL),time,x,y,w,h,acc,a,r,g,b,blend,filter,angle,center,loop,timer,op1,op2,op3
#DST_IMAGE,0,250,85,-27,450,440,0,255,255,255,255,2,1,0,0,-1,48,0,0,0
#DST_IMAGE,0,300,85,-27,450,440,0,255,255,255,255,2,1,0,0,,,,,
,,,,,,,,,,,,,,,,,,,,
//光6,,,,,,,,,,,,,,,,,,,,
//SRC定義,(NULL),gr,x,y,w,h,div_x,div_y,cycle,timer,op1,op2,op3,,,,,,,
#SRC_IMAGE,0,50,1100,0,300,293,1,1,0,48,0,0,0,,,,,,,
//DST定義,(NULL),time,x,y,w,h,acc,a,r,g,b,blend,filter,angle,center,loop,timer,op1,op2,op3
#DST_IMAGE,0,383,-8,154,600,586,0,255,255,255,255,2,1,0,0,-1,48,0,0,0
#DST_IMAGE,0,450,-8,154,600,586,0,255,255,255,255,2,1,0,0,,,,,
,,,,,,,,,,,,,,,,,,,,
//光7,,,,,,,,,,,,,,,,,,,,
//SRC定義,(NULL),gr,x,y,w,h,div_x,div_y,cycle,timer,op1,op2,op3,,,,,,,
#SRC_IMAGE,0,50,1100,0,300,293,1,1,0,48,0,0,0,,,,,,,
//DST定義,(NULL),time,x,y,w,h,acc,a,r,g,b,blend,filter,angle,center,loop,timer,op1,op2,op3
#DST_IMAGE,0,517,-267,-161,804,785,0,255,255,255,255,2,1,0,0,-1,48,0,0,0
#DST_IMAGE,0,600,-267,-161,804,785,0,255,255,255,255,2,1,0,0,,,,,
,,,,,,,,,,,,,,,,,,,,
//光8,,,,,,,,,,,,,,,,,,,,
//SRC定義,(NULL),gr,x,y,w,h,div_x,div_y,cycle,timer,op1,op2,op3,,,,,,,
#SRC_IMAGE,0,50,1100,0,300,293,1,1,0,48,0,0,0,,,,,,,
//DST定義,(NULL),time,x,y,w,h,acc,a,r,g,b,blend,filter,angle,center,loop,timer,op1,op2,op3
#DST_IMAGE,0,686,-201,-199,900,879,0,255,255,255,255,2,1,0,0,-1,48,0,0,0
#DST_IMAGE,0,746,-201,-199,900,879,0,255,255,255,255,2,1,0,0,,,,,
,,,,,,,,,,,,,,,,,,,,
//ダミー,,,,,,,,,,,,,,,,,,,,
//SRC定義,(NULL),gr,x,y,w,h,div_x,div_y,cycle,timer,op1,op2,op3,,,,,,,
#SRC_IMAGE,0,50,845,0,1,1,1,1,0,0,80,0,0,,,,,,,
//DST定義,(NULL),time,x,y,w,h,acc,a,r,g,b,blend,filter,angle,center,loop,timer,op1,op2,op3
#DST_IMAGE,0,0,0,720,1,1,0,255,255,255,255,0,0,0,0,-1,0,80,0,0
#DST_IMAGE,0,500,0,720,1,1,0,255,255,255,255,0,0,0,0,,,,,
