#IMAGE,\LR2files\Theme\IIDX21 SPADA\Play\Fullcombo\WMIX Forest\forest.png
//1P
,,,,,,,,,,,,,,,,,,,,,
//メイン1,,,,,,,,,,,,,,,,,,,,,
//SRC定義,(NULL),gr,x,y,w,h,div_x,div_y,cycle,timer,op1,op2,op3,,,,,,,,
#SRC_IMAGE,0,50,0,513,377,687,1,1,0,0,0,0,0,,,,,,,,
//DST定義,(NULL),time,x,y,w,h,acc,a,r,g,b,blend,filter,angle,center,loop,timer,op1,op2,op3,
#DST_IMAGE,0,16,50,482,288,-482,0,200,255,255,255,1,0,0,0,-1,48,0,0,0,
#DST_IMAGE,0,2500,50,482,288,-687,0,0,255,255,255,1,0,0,0,,,,,,

,,,,,,,,,,,,,,,,,,,,,
//メイン2,,,,,,,,,,,,,,,,,,,,,
//SRC定義,(NULL),gr,x,y,w,h,div_x,div_y,cycle,timer,op1,op2,op3,,,,,,,,
#SRC_IMAGE,0,50,0,0,377,482,1,1,0,0,0,0,0,,,,,,,,
//DST定義,(NULL),time,x,y,w,h,acc,a,r,g,b,blend,filter,angle,center,loop,timer,op1,op2,op3,
#DST_IMAGE,0,0,50,0,288,482,0,255,255,255,255,2,0,0,0,-1,48,0,0,0,
#DST_IMAGE,0,2400,50,0,288,482,0,0,255,255,255,2,0,0,0,,,,,,
,,,,,,,,,,,,,,,,,,,,,
//メイン3,,,,,,,,,,,,,,,,,,,,,
//SRC定義,(NULL),gr,x,y,w,h,div_x,div_y,cycle,timer,op1,op2,op3,,,,,,,,
#SRC_IMAGE,0,50,823,0,377,482,1,1,0,0,0,0,0,,,,,,,,
//DST定義,(NULL),time,x,y,w,h,acc,a,r,g,b,blend,filter,angle,center,loop,timer,op1,op2,op3,
#DST_IMAGE,0,0,50,0,288,482,0,255,255,255,255,2,0,0,0,-1,48,0,0,0,
#DST_IMAGE,0,1000,186,0,10,482,0,0,255,255,255,2,0,0,0,,,,,,


,,,,,,,,,,,,,,,,,,,,,
//フラッシュ1,,,,,,,,,,,,,,,,,,,,,
//SRC定義,(NULL),gr,x,y,w,h,div_x,div_y,cycle,timer,op1,op2,op3,,,,,,,,
#SRC_IMAGE,0,50,377,806,428,188,1,1,0,0,0,0,0,,,,,,,,
//DST定義,(NULL),time,x,y,w,h,acc,a,r,g,b,blend,filter,angle,center,loop,timer,op1,op2,op3,
#DST_IMAGE,0,0,-101,384,605,188,0,255,255,255,255,2,0,0,0,-1,48,0,0,0,
#DST_IMAGE,0,2000,-101,294,605,300,0,0,255,255,255,2,0,0,0,,,,,,

,,,,,,,,,,,,,,,,,,,,,
//フラッシュ2,,,,,,,,,,,,,,,,,,,,,
//SRC定義,(NULL),gr,x,y,w,h,div_x,div_y,cycle,timer,op1,op2,op3,,,,,,,,
#SRC_IMAGE,0,50,377,417,428,383,1,1,0,0,0,0,0,,,,,,,,
//DST定義,(NULL),time,x,y,w,h,acc,a,r,g,b,blend,filter,angle,center,loop,timer,op1,op2,op3,
#DST_IMAGE,0,0,-32,267,428,383,0,255,255,255,255,2,0,0,0,-1,48,0,0,0,
#DST_IMAGE,0,1500,-458,-112,1284,1149,0,0,255,255,255,2,0,0,0,,,,,,


,,,,,,,,,,,,,,,,,,,,,
//dust,,,,,,,,,,,,,,,,,,,,
//SRC定義,(NULL),gr,x,y,w,h,div_x,div_y,cycle,timer,op1,op2,op3,,,,,,,,
#SRC_IMAGE,0,50,823,900,380,301,1,1,0,0,0,0,0,,,,,,,,
//DST定義,(NULL),time,x,y,w,h,acc,a,r,g,b,blend,filter,angle,center,loop,timer,op1,op2,op3,
#DST_IMAGE,0,0,50,295,288,301,0,205,255,255,255,2,0,0,0,-1,48,0,0,0,
#DST_IMAGE,0,2400,50,214,288,301,0,0,255,255,255,2,0,0,0,,,,,,

//dust,,,,,,,,,,,,,,,,,,,,
//SRC定義,(NULL),gr,x,y,w,h,div_x,div_y,cycle,timer,op1,op2,op3,,,,,,,,
#SRC_IMAGE,0,50,823,900,380,602,1,2,160,0,0,0,0,,,,,,,,
//DST定義,(NULL),time,x,y,w,h,acc,a,r,g,b,blend,filter,angle,center,loop,timer,op1,op2,op3,
#DST_IMAGE,0,0,50,295,288,301,0,255,255,255,255,2,0,0,0,-1,48,0,0,0,
#DST_IMAGE,0,2400,50,214,288,301,0,0,255,255,255,2,0,0,0,,,,,,




//kira1,,,,,,,,,,,,,,,,,,,,
//SRC定義,(NULL),gr,x,y,w,h,div_x,div_y,cycle,timer,op1,op2,op3,,,,,,,
#SRC_IMAGE,0,50,588,1000,18,36,1,2,120,48,0,0,0,,,,,,,
//DST定義,(NULL),time,x,y,w,h,acc,a,r,g,b,blend,filter,angle,center,loop,timer,op1,op2,op3
#DST_IMAGE,0,16,94,449,18,18,0,255,255,255,255,2,0,0,0,-1,48,0,0,0
#DST_IMAGE,0,800,94,360,18,18,0,255,255,255,255,2,0,0,0,,,,,

//kira2,,,,,,,,,,,,,,,,,,,,
//SRC定義,(NULL),gr,x,y,w,h,div_x,div_y,cycle,timer,op1,op2,op3,,,,,,,
#SRC_IMAGE,0,50,588,1000,18,36,1,2,120,48,0,0,0,,,,,,,
//DST定義,(NULL),time,x,y,w,h,acc,a,r,g,b,blend,filter,angle,center,loop,timer,op1,op2,op3
#DST_IMAGE,0,150,332,449,18,18,0,255,255,255,255,2,0,0,0,-1,48,0,0,0
#DST_IMAGE,0,833,332,317,18,18,0,255,255,255,255,2,0,0,0,,,,,

//kira3,,,,,,,,,,,,,,,,,,,,
//SRC定義,(NULL),gr,x,y,w,h,div_x,div_y,cycle,timer,op1,op2,op3,,,,,,,
#SRC_IMAGE,0,50,588,1000,18,36,1,2,120,48,0,0,0,,,,,,,
//DST定義,(NULL),time,x,y,w,h,acc,a,r,g,b,blend,filter,angle,center,loop,timer,op1,op2,op3
#DST_IMAGE,0,183,256,449,18,18,0,255,255,255,255,2,0,0,0,-1,48,0,0,0
#DST_IMAGE,0,1016,256,110,18,18,0,255,255,255,255,2,0,0,0,,,,,

//kira4,,,,,,,,,,,,,,,,,,,,
//SRC定義,(NULL),gr,x,y,w,h,div_x,div_y,cycle,timer,op1,op2,op3,,,,,,,
#SRC_IMAGE,0,50,588,1000,18,36,1,2,120,48,0,0,0,,,,,,,
//DST定義,(NULL),time,x,y,w,h,acc,a,r,g,b,blend,filter,angle,center,loop,timer,op1,op2,op3
#DST_IMAGE,0,233,256,449,18,18,0,255,255,255,255,2,0,0,0,-1,48,0,0,0
#DST_IMAGE,0,916,256,249,18,18,0,255,255,255,255,2,0,0,0,,,,,

//kira5,,,,,,,,,,,,,,,,,,,,
//SRC定義,(NULL),gr,x,y,w,h,div_x,div_y,cycle,timer,op1,op2,op3,,,,,,,
#SRC_IMAGE,0,50,588,1000,18,36,1,2,120,48,0,0,0,,,,,,,
//DST定義,(NULL),time,x,y,w,h,acc,a,r,g,b,blend,filter,angle,center,loop,timer,op1,op2,op3
#DST_IMAGE,0,250,125,449,18,18,0,255,255,255,255,2,0,0,0,-1,48,0,0,0
#DST_IMAGE,0,933,125,263,18,18,0,255,255,255,255,2,0,0,0,,,,,

//kira6,,,,,,,,,,,,,,,,,,,,
//SRC定義,(NULL),gr,x,y,w,h,div_x,div_y,cycle,timer,op1,op2,op3,,,,,,,
#SRC_IMAGE,0,50,588,1000,18,36,1,2,120,48,0,0,0,,,,,,,
//DST定義,(NULL),time,x,y,w,h,acc,a,r,g,b,blend,filter,angle,center,loop,timer,op1,op2,op3
#DST_IMAGE,0,266,321,449,18,18,0,255,255,255,255,2,0,0,0,-1,48,0,0,0
#DST_IMAGE,0,1050,321,270,18,18,0,255,255,255,255,2,0,0,0,,,,,

//kira7,,,,,,,,,,,,,,,,,,,,
//SRC定義,(NULL),gr,x,y,w,h,div_x,div_y,cycle,timer,op1,op2,op3,,,,,,,
#SRC_IMAGE,0,50,588,1000,18,36,1,2,120,48,0,0,0,,,,,,,
//DST定義,(NULL),time,x,y,w,h,acc,a,r,g,b,blend,filter,angle,center,loop,timer,op1,op2,op3
#DST_IMAGE,0,283,83,451,18,18,0,255,255,255,255,2,0,0,0,-1,48,0,0,0
#DST_IMAGE,0,900,83,127,18,18,0,255,255,255,255,2,0,0,0,,,,,

//kira8,,,,,,,,,,,,,,,,,,,,
//SRC定義,(NULL),gr,x,y,w,h,div_x,div_y,cycle,timer,op1,op2,op3,,,,,,,
#SRC_IMAGE,0,50,588,1000,18,36,1,2,120,48,0,0,0,,,,,,,
//DST定義,(NULL),time,x,y,w,h,acc,a,r,g,b,blend,filter,angle,center,loop,timer,op1,op2,op3
#DST_IMAGE,0,350,204,449,18,18,0,255,255,255,255,2,0,0,0,-1,48,0,0,0
#DST_IMAGE,0,1133,204,297,18,18,0,255,255,255,255,2,0,0,0,,,,,

//kira9,,,,,,,,,,,,,,,,,,,,
//SRC定義,(NULL),gr,x,y,w,h,div_x,div_y,cycle,timer,op1,op2,op3,,,,,,,
#SRC_IMAGE,0,50,588,1000,18,36,1,2,120,48,0,0,0,,,,,,,
//DST定義,(NULL),time,x,y,w,h,acc,a,r,g,b,blend,filter,angle,center,loop,timer,op1,op2,op3
#DST_IMAGE,0,350,295,449,18,18,0,255,255,255,255,2,0,0,0,-1,48,0,0,0
#DST_IMAGE,0,1100,295,312,18,18,0,255,255,255,255,2,0,0,0,,,,,

//kira10,,,,,,,,,,,,,,,,,,,,
//SRC定義,(NULL),gr,x,y,w,h,div_x,div_y,cycle,timer,op1,op2,op3,,,,,,,
#SRC_IMAGE,0,50,588,1000,18,36,1,2,120,48,0,0,0,,,,,,,
//DST定義,(NULL),time,x,y,w,h,acc,a,r,g,b,blend,filter,angle,center,loop,timer,op1,op2,op3
#DST_IMAGE,0,383,181,451,18,18,0,255,255,255,255,2,0,0,0,-1,48,0,0,0
#DST_IMAGE,0,1166,181,186,18,18,0,255,255,255,255,2,0,0,0,,,,,

//kira11,,,,,,,,,,,,,,,,,,,,
//SRC定義,(NULL),gr,x,y,w,h,div_x,div_y,cycle,timer,op1,op2,op3,,,,,,,
#SRC_IMAGE,0,50,588,1000,18,36,1,2,120,48,0,0,0,,,,,,,
//DST定義,(NULL),time,x,y,w,h,acc,a,r,g,b,blend,filter,angle,center,loop,timer,op1,op2,op3
#DST_IMAGE,0,383,301,451,18,18,0,255,255,255,255,2,0,0,0,-1,48,0,0,0
#DST_IMAGE,0,1166,301,245,18,18,0,255,255,255,255,2,0,0,0,,,,,

//kira12,,,,,,,,,,,,,,,,,,,,
//SRC定義,(NULL),gr,x,y,w,h,div_x,div_y,cycle,timer,op1,op2,op3,,,,,,,
#SRC_IMAGE,0,50,588,1000,18,36,1,2,120,48,0,0,0,,,,,,,
//DST定義,(NULL),time,x,y,w,h,acc,a,r,g,b,blend,filter,angle,center,loop,timer,op1,op2,op3
#DST_IMAGE,0,433,280,451,18,18,0,255,255,255,255,2,0,0,0,-1,48,0,0,0
#DST_IMAGE,0,783,280,391,18,18,0,255,255,255,255,2,0,0,0,,,,,
#DST_IMAGE,0,1033,280,291,18,18,0,255,255,255,255,2,0,0,0,,,,,

//kira13,,,,,,,,,,,,,,,,,,,,
//SRC定義,(NULL),gr,x,y,w,h,div_x,div_y,cycle,timer,op1,op2,op3,,,,,,,
#SRC_IMAGE,0,50,588,1000,18,36,1,2,120,48,0,0,0,,,,,,,
//DST定義,(NULL),time,x,y,w,h,acc,a,r,g,b,blend,filter,angle,center,loop,timer,op1,op2,op3
#DST_IMAGE,0,483,327,451,18,18,0,255,255,255,255,2,0,0,0,-1,48,0,0,0
#DST_IMAGE,0,833,327,322,18,18,0,255,255,255,255,2,0,0,0,,,,,

//kira14,,,,,,,,,,,,,,,,,,,,
//SRC定義,(NULL),gr,x,y,w,h,div_x,div_y,cycle,timer,op1,op2,op3,,,,,,,
#SRC_IMAGE,0,50,588,1000,18,36,1,2,120,48,0,0,0,,,,,,,
//DST定義,(NULL),time,x,y,w,h,acc,a,r,g,b,blend,filter,angle,center,loop,timer,op1,op2,op3
#DST_IMAGE,0,500,245,449,18,18,0,255,255,255,255,2,0,0,0,-1,48,0,0,0
#DST_IMAGE,0,1183,245,-12,18,18,0,255,255,255,255,2,0,0,0,,,,,

//kira15,,,,,,,,,,,,,,,,,,,,
//SRC定義,(NULL),gr,x,y,w,h,div_x,div_y,cycle,timer,op1,op2,op3,,,,,,,
#SRC_IMAGE,0,50,588,1000,18,36,1,2,120,48,0,0,0,,,,,,,
//DST定義,(NULL),time,x,y,w,h,acc,a,r,g,b,blend,filter,angle,center,loop,timer,op1,op2,op3
#DST_IMAGE,0,500,276,449,18,18,0,255,255,255,255,2,0,0,0,-1,48,0,0,0
#DST_IMAGE,0,1283,276,40,18,18,0,255,255,255,255,2,0,0,0,,,,,

//kira16,,,,,,,,,,,,,,,,,,,,
//SRC定義,(NULL),gr,x,y,w,h,div_x,div_y,cycle,timer,op1,op2,op3,,,,,,,
#SRC_IMAGE,0,50,588,1000,18,36,1,2,120,48,0,0,0,,,,,,,
//DST定義,(NULL),time,x,y,w,h,acc,a,r,g,b,blend,filter,angle,center,loop,timer,op1,op2,op3
#DST_IMAGE,0,500,291,449,18,18,0,255,255,255,255,2,0,0,0,-1,48,0,0,0
#DST_IMAGE,0,1266,291,-15,18,18,0,255,255,255,255,2,0,0,0,,,,,

//kira17,,,,,,,,,,,,,,,,,,,,
//SRC定義,(NULL),gr,x,y,w,h,div_x,div_y,cycle,timer,op1,op2,op3,,,,,,,
#SRC_IMAGE,0,50,588,1000,18,36,1,2,120,48,0,0,0,,,,,,,
//DST定義,(NULL),time,x,y,w,h,acc,a,r,g,b,blend,filter,angle,center,loop,timer,op1,op2,op3
#DST_IMAGE,0,533,153,451,18,18,0,255,255,255,255,2,0,0,0,-1,48,0,0,0
#DST_IMAGE,0,1316,153,413,18,18,0,255,255,255,255,2,0,0,0,,,,,

//kira18,,,,,,,,,,,,,,,,,,,,
//SRC定義,(NULL),gr,x,y,w,h,div_x,div_y,cycle,timer,op1,op2,op3,,,,,,,
#SRC_IMAGE,0,50,588,1000,18,36,1,2,120,48,0,0,0,,,,,,,
//DST定義,(NULL),time,x,y,w,h,acc,a,r,g,b,blend,filter,angle,center,loop,timer,op1,op2,op3
#DST_IMAGE,0,566,311,451,18,18,0,255,255,255,255,2,0,0,0,-1,48,0,0,0
#DST_IMAGE,0,1266,311,352,18,18,0,255,255,255,255,2,0,0,0,,,,,

//kira19,,,,,,,,,,,,,,,,,,,,
//SRC定義,(NULL),gr,x,y,w,h,div_x,div_y,cycle,timer,op1,op2,op3,,,,,,,
#SRC_IMAGE,0,50,588,1000,18,36,1,2,120,48,0,0,0,,,,,,,
//DST定義,(NULL),time,x,y,w,h,acc,a,r,g,b,blend,filter,angle,center,loop,timer,op1,op2,op3
#DST_IMAGE,0,616,165,451,18,18,0,255,255,255,255,2,0,0,0,-1,48,0,0,0
#DST_IMAGE,0,1266,165,384,18,18,0,255,255,255,255,2,0,0,0,,,,,

//kira20,,,,,,,,,,,,,,,,,,,,
//SRC定義,(NULL),gr,x,y,w,h,div_x,div_y,cycle,timer,op1,op2,op3,,,,,,,
#SRC_IMAGE,0,50,588,1000,18,36,1,2,120,48,0,0,0,,,,,,,
//DST定義,(NULL),time,x,y,w,h,acc,a,r,g,b,blend,filter,angle,center,loop,timer,op1,op2,op3
#DST_IMAGE,0,683,213,451,18,18,0,255,255,255,255,2,0,0,0,-1,48,0,0,0
#DST_IMAGE,0,1216,213,354,18,18,0,255,255,255,255,2,0,0,0,,,,,

//kira21,,,,,,,,,,,,,,,,,,,,
//SRC定義,(NULL),gr,x,y,w,h,div_x,div_y,cycle,timer,op1,op2,op3,,,,,,,
#SRC_IMAGE,0,50,588,1000,18,36,1,2,120,48,0,0,0,,,,,,,
//DST定義,(NULL),time,x,y,w,h,acc,a,r,g,b,blend,filter,angle,center,loop,timer,op1,op2,op3
#DST_IMAGE,0,700,168,451,18,18,0,255,255,255,255,2,0,0,0,-1,48,0,0,0
#DST_IMAGE,0,1050,168,426,18,18,0,255,255,255,255,2,0,0,0,,,,,

//kira22,,,,,,,,,,,,,,,,,,,,
//SRC定義,(NULL),gr,x,y,w,h,div_x,div_y,cycle,timer,op1,op2,op3,,,,,,,
#SRC_IMAGE,0,50,588,1000,18,36,1,2,120,48,0,0,0,,,,,,,
//DST定義,(NULL),time,x,y,w,h,acc,a,r,g,b,blend,filter,angle,center,loop,timer,op1,op2,op3
#DST_IMAGE,0,750,258,451,18,18,0,255,255,255,255,2,0,0,0,-1,48,0,0,0
#DST_IMAGE,0,1283,258,279,18,18,0,255,255,255,255,2,0,0,0,,,,,

//kira23,,,,,,,,,,,,,,,,,,,,
//SRC定義,(NULL),gr,x,y,w,h,div_x,div_y,cycle,timer,op1,op2,op3,,,,,,,
#SRC_IMAGE,0,50,588,1000,18,36,1,2,120,48,0,0,0,,,,,,,
//DST定義,(NULL),time,x,y,w,h,acc,a,r,g,b,blend,filter,angle,center,loop,timer,op1,op2,op3
#DST_IMAGE,0,866,325,451,18,18,0,255,255,255,255,2,0,0,0,-1,48,0,0,0
#DST_IMAGE,0,1216,325,387,18,18,0,255,255,255,255,2,0,0,0,,,,,

/////////////////////////////

//arrow,,,,,,,,,,,,,,,,,,,,
//SRC定義,(NULL),gr,x,y,w,h,div_x,div_y,cycle,timer,op1,op2,op3,,,,,,,,
#SRC_IMAGE,0,50,377,1000,113,80,1,1,0,0,0,0,0,,,,,,,,
//DST定義,(NULL),time,x,y,w,h,acc,a,r,g,b,blend,filter,angle,center,loop,timer,op1,op2,op3,
#DST_IMAGE,0,700,88,444,70,75,0,205,255,255,255,2,0,0,0,-1,48,0,0,0,
#DST_IMAGE,0,900,88,-50,70,75,0,255,255,255,255,2,0,0,0,,,,,,

//arrow,,,,,,,,,,,,,,,,,,,,
//SRC定義,(NULL),gr,x,y,w,h,div_x,div_y,cycle,timer,op1,op2,op3,,,,,,,,
#SRC_IMAGE,0,50,377,1000,113,80,1,1,0,0,0,0,0,,,,,,,,
//DST定義,(NULL),time,x,y,w,h,acc,a,r,g,b,blend,filter,angle,center,loop,timer,op1,op2,op3,
#DST_IMAGE,0,825,288,444,70,75,0,205,255,255,255,2,0,0,0,-1,48,0,0,0,
#DST_IMAGE,0,1025,288,-50,70,75,0,255,255,255,255,2,0,0,0,,,,,,

//arrow,,,,,,,,,,,,,,,,,,,,
//SRC定義,(NULL),gr,x,y,w,h,div_x,div_y,cycle,timer,op1,op2,op3,,,,,,,,
#SRC_IMAGE,0,50,377,1000,113,80,1,1,0,0,0,0,0,,,,,,,,
//DST定義,(NULL),time,x,y,w,h,acc,a,r,g,b,blend,filter,angle,center,loop,timer,op1,op2,op3,
#DST_IMAGE,0,750,36,444,70,75,0,205,255,255,255,2,0,0,0,-1,48,0,0,0,
#DST_IMAGE,0,950,36,-50,70,75,0,255,255,255,255,2,0,0,0,,,,,,


//arrow,,,,,,,,,,,,,,,,,,,,
//SRC定義,(NULL),gr,x,y,w,h,div_x,div_y,cycle,timer,op1,op2,op3,,,,,,,,
#SRC_IMAGE,0,50,377,1000,113,80,1,1,0,0,0,0,0,,,,,,,,
//DST定義,(NULL),time,x,y,w,h,acc,a,r,g,b,blend,filter,angle,center,loop,timer,op1,op2,op3,
#DST_IMAGE,0,850,36,444,70,75,0,205,255,255,255,2,0,0,0,-1,48,0,0,0,
#DST_IMAGE,0,1050,36,-50,70,75,0,205,255,255,255,2,0,0,0,,,,,,

//arrow,,,,,,,,,,,,,,,,,,,,
//SRC定義,(NULL),gr,x,y,w,h,div_x,div_y,cycle,timer,op1,op2,op3,,,,,,,,
#SRC_IMAGE,0,50,377,1000,113,80,1,1,0,0,0,0,0,,,,,,,,
//DST定義,(NULL),time,x,y,w,h,acc,a,r,g,b,blend,filter,angle,center,loop,timer,op1,op2,op3,
#DST_IMAGE,0,700,89,444,70,75,0,205,255,255,255,2,0,0,0,-1,48,0,0,0,
#DST_IMAGE,0,900,89,132,70,75,0,205,255,255,255,2,0,0,0,,,,,,
#DST_IMAGE,0,1200,89,120,70,75,0,205,255,255,255,2,0,0,0,,,,,,
#DST_IMAGE,0,1300,89,-50,70,75,0,205,255,255,255,2,0,0,0,,,,,,


//arrow,,,,,,,,,,,,,,,,,,,,
//SRC定義,(NULL),gr,x,y,w,h,div_x,div_y,cycle,timer,op1,op2,op3,,,,,,,,
#SRC_IMAGE,0,50,377,1000,113,80,1,1,0,0,0,0,0,,,,,,,,
//DST定義,(NULL),time,x,y,w,h,acc,a,r,g,b,blend,filter,angle,center,loop,timer,op1,op2,op3,
#DST_IMAGE,0,1300,288,444,70,75,0,205,255,255,255,2,0,0,0,-1,48,0,0,0,
#DST_IMAGE,0,1400,288,110,70,75,0,205,255,255,255,2,0,0,0,,,,,,
#DST_IMAGE,0,1600,288,80,70,75,0,205,255,255,255,2,0,0,0,,,,,,
#DST_IMAGE,0,1700,288,-50,70,75,0,205,255,255,255,2,0,0,0,,,,,,



/////////////////
//petal,,,,,,,,,,,,,,,,,,,,,
//SRC定義,(NULL),gr,x,y,w,h,div_x,div_y,cycle,timer,op1,op2,op3,,,,,,,,
#SRC_IMAGE,0,50,610,1000,115,115,1,1,0,0,0,0,0,,,,,,,,
//DST定義,(NULL),time,x,y,w,h,acc,a,r,g,b,blend,filter,angle,center,loop,timer,op1,op2,op3,
#DST_IMAGE,0,700,28,444,115,115,0,205,255,255,255,2,0,0,0,-1,48,0,0,0,
#DST_IMAGE,0,1400,28,-50,115,115,0,0,255,255,255,2,0,40,0,,,,,,

//petal,,,,,,,,,,,,,,,,,,,
//SRC定義,(NULL),gr,x,y,w,h,div_x,div_y,cycle,timer,op1,op2,op3,,,,,,,,
#SRC_IMAGE,0,50,610,1000,115,115,1,1,0,0,0,0,0,,,,,,,,
//DST定義,(NULL),time,x,y,w,h,acc,a,r,g,b,blend,filter,angle,center,loop,timer,op1,op2,op3,
#DST_IMAGE,0,825,267,444,115,115,0,205,255,255,255,2,0,60,0,-1,48,0,0,0,
#DST_IMAGE,0,1625,267,-50,115,115,0,0,255,255,255,2,0,80,0,,,,,,

//petal,,,,,,,,,,,,,,,,,,,,,,,
//SRC定義,(NULL),gr,x,y,w,h,div_x,div_y,cycle,timer,op1,op2,op3,,,,,,,,
#SRC_IMAGE,0,50,610,1000,115,115,1,1,0,0,0,0,0,,,,,,,,
//DST定義,(NULL),time,x,y,w,h,acc,a,r,g,b,blend,filter,angle,center,loop,timer,op1,op2,op3,
#DST_IMAGE,0,750,16,444,115,115,0,205,255,255,255,2,0,150,0,-1,48,0,0,0,
#DST_IMAGE,0,1700,16,-50,115,115,0,0,255,255,255,2,0,170,0,,,,,,

//petal,,,,,,,,,,,,,,,,,,,,
//SRC定義,(NULL),gr,x,y,w,h,div_x,div_y,cycle,timer,op1,op2,op3,,,,,,,,
#SRC_IMAGE,0,50,610,1000,115,115,1,1,0,0,0,0,0,,,,,,,,
//DST定義,(NULL),time,x,y,w,h,acc,a,r,g,b,blend,filter,angle,center,loop,timer,op1,op2,op3,
#DST_IMAGE,0,850,16,444,115,115,0,205,255,255,255,2,0,210,0,-1,48,0,0,0,
#DST_IMAGE,0,1850,16,-50,115,115,0,0,255,255,255,2,0,250,0,,,,,,

//petal,,,,,,,,,,,,,,,,,,,
//SRC定義,(NULL),gr,x,y,w,h,div_x,div_y,cycle,timer,op1,op2,op3,,,,,,,,
#SRC_IMAGE,0,50,610,1000,115,115,1,1,0,0,0,0,0,,,,,,,,
//DST定義,(NULL),time,x,y,w,h,acc,a,r,g,b,blend,filter,angle,center,loop,timer,op1,op2,op3,
#DST_IMAGE,0,700,89,444,115,115,0,205,255,255,255,2,0,0,0,-1,48,0,0,0,
#DST_IMAGE,0,900,89,132,115,115,0,205,255,255,255,2,0,20,0,,,,,,
#DST_IMAGE,0,1400,89,120,115,115,0,205,255,255,255,2,0,30,0,,,,,,
#DST_IMAGE,0,2000,89,-50,115,115,0,0,255,255,255,2,0,40,0,,,,,,


//petal,,,,,,,,,,,,,,,,,,,
//SRC定義,(NULL),gr,x,y,w,h,div_x,div_y,cycle,timer,op1,op2,op3,,,,,,,,
#SRC_IMAGE,0,50,610,1000,115,115,1,1,0,0,0,0,0,,,,,,,,
//DST定義,(NULL),time,x,y,w,h,acc,a,r,g,b,blend,filter,angle,center,loop,timer,op1,op2,op3,
#DST_IMAGE,0,1300,267,444,115,115,0,205,255,255,255,2,0,80,0,-1,48,0,0,0,
#DST_IMAGE,0,1400,267,110,115,115,0,205,255,255,255,2,0,90,0,,,,,,
#DST_IMAGE,0,1600,267,80,115,115,0,205,255,255,255,2,0,100,0,,,,,,
#DST_IMAGE,0,2200,267,-50,115,115,0,0,255,255,255,2,0,110,0,,,,,,


/////////////////






//light
//SRC定義,(NULL),gr,x,y,w,h,div_x,div_y,cycle,timer,op1,op2,op3,,,,,,,,
#SRC_IMAGE,0,50,823,485,377,408,1,1,0,0,0,0,0,,,,,,,,
//DST定義,(NULL),time,x,y,w,h,acc,a,r,g,b,blend,filter,angle,center,loop,timer,op1,op2,op3,
#DST_IMAGE,0,1100,50,64,288,311,0,0,255,255,255,2,0,0,0,-1,48,0,0,0,
#DST_IMAGE,0,1400,50,64,288,311,0,255,255,255,255,2,0,0,0,,,,,,
#DST_IMAGE,0,1600,50,64,288,311,0,155,255,255,255,2,0,0,0,,,,,,
#DST_IMAGE,0,1800,50,64,288,311,0,205,255,255,255,2,0,0,0,,,,,,
#DST_IMAGE,0,2400,50,64,288,311,0,0,255,255,255,2,0,0,0,,,,,,



/////////////////



,,,,,,,,,,,,,,,,,,,,,
//リング2,,,,,,,,,,,,,,,,,,,,,
//SRC定義,(NULL),gr,x,y,w,h,div_x,div_y,cycle,timer,op1,op2,op3,,,,,,,,
#SRC_IMAGE,0,50,377,0,395,410,1,1,0,0,0,0,0,,,,,,,,
//DST定義,(NULL),time,x,y,w,h,acc,a,r,g,b,blend,filter,angle,center,loop,timer,op1,op2,op3,
#DST_IMAGE,0,0,2,276,395,410,0,255,255,255,255,2,0,0,0,-1,48,0,0,0,
#DST_IMAGE,0,400,-588,-332,1580,1640,0,0,255,255,255,2,0,0,0,,,,,,

//リング1,,,,,,,,,,,,,,,,,,,,,
//SRC定義,(NULL),gr,x,y,w,h,div_x,div_y,cycle,timer,op1,op2,op3,,,,,,,,
#SRC_IMAGE,0,50,377,0,395,410,1,1,0,0,0,0,0,,,,,,,,
//DST定義,(NULL),time,x,y,w,h,acc,a,r,g,b,blend,filter,angle,center,loop,timer,op1,op2,op3,
#DST_IMAGE,0,0,2,276,395,410,0,255,255,255,255,2,0,0,0,-1,48,0,0,0,
#DST_IMAGE,0,600,-200,67,790,820,0,0,255,255,255,2,0,0,0,,,,,,



//bar1-1
//SRC定義,(NULL),gr,x,y,w,h,div_x,div_y,cycle,timer,op1,op2,op3,,,,,,,,
#SRC_IMAGE,0,50,1221,0,107,121,1,1,0,0,0,0,0,,,,,,,,
//DST定義,(NULL),time,x,y,w,h,acc,a,r,g,b,blend,filter,angle,center,loop,timer,op1,op2,op3,
#DST_IMAGE,0,375,-41,-39,107,121,0,0,255,255,255,1,0,0,0,-1,48,0,0,0,
#DST_IMAGE,0,575,40,17,107,121,0,155,255,255,255,1,0,0,0,,,,,,
#DST_IMAGE,0,1700,40,17,107,121,0,155,255,255,255,1,0,0,0,,,,,,
#DST_IMAGE,0,1750,40,17,107,121,0,0,255,255,255,1,0,0,0,,,,,,
#DST_IMAGE,0,1800,40,17,107,121,0,155,255,255,255,1,0,0,0,,,,,,
#DST_IMAGE,0,1850,40,17,107,121,0,0,255,255,255,1,0,0,0,,,,,,
//bar1-2
//SRC定義,(NULL),gr,x,y,w,h,div_x,div_y,cycle,timer,op1,op2,op3,,,,,,,,
#SRC_IMAGE,0,50,1221,126,180,183,1,1,0,0,0,0,0,,,,,,,,
//DST定義,(NULL),time,x,y,w,h,acc,a,r,g,b,blend,filter,angle,center,loop,timer,op1,op2,op3,
#DST_IMAGE,0,425,-126,-124,180,183,0,0,255,255,255,1,0,0,0,-1,48,0,0,0,
#DST_IMAGE,0,575,40,51,180,183,0,155,255,255,255,1,0,0,0,,,,,,
#DST_IMAGE,0,1250,40,51,180,183,0,155,255,255,255,1,0,0,0,,,,,,
#DST_IMAGE,0,1300,40,51,180,183,0,0,255,255,255,1,0,0,0,,,,,,
#DST_IMAGE,0,1350,40,51,180,183,0,155,255,255,255,1,0,0,0,,,,,,
#DST_IMAGE,0,1400,40,51,180,183,0,0,255,255,255,1,0,0,0,,,,,,
#DST_IMAGE,0,1450,40,51,180,183,0,155,255,255,255,1,0,0,0,,,,,,
#DST_IMAGE,0,1500,40,51,180,183,0,0,255,255,255,1,0,0,0,,,,,,
//bar2-1
//SRC定義,(NULL),gr,x,y,w,h,div_x,div_y,cycle,timer,op1,op2,op3,,,,,,,,
#SRC_IMAGE,0,50,1221,318,176,200,1,1,0,0,0,0,0,,,,,,,,
//DST定義,(NULL),time,x,y,w,h,acc,a,r,g,b,blend,filter,angle,center,loop,timer,op1,op2,op3,
#DST_IMAGE,0,350,-110,-1,176,200,0,0,255,255,255,1,0,0,0,-1,48,0,0,0,
#DST_IMAGE,0,550,40,125,176,200,0,155,255,255,255,1,0,0,0,,,,,,
#DST_IMAGE,0,700,40,125,176,200,0,155,255,255,255,1,0,0,0,,,,,,
#DST_IMAGE,0,1350,40,125,176,200,0,155,255,255,255,1,0,0,0,,,,,,
#DST_IMAGE,0,1400,40,125,176,200,0,0,255,255,255,1,0,0,0,,,,,,
#DST_IMAGE,0,1450,40,125,176,200,0,155,255,255,255,1,0,0,0,,,,,,
#DST_IMAGE,0,1550,40,125,176,200,0,0,255,255,255,1,0,0,0,,,,,,
#DST_IMAGE,0,1600,40,125,176,200,0,155,255,255,255,1,0,0,0,,,,,,
#DST_IMAGE,0,1700,40,125,176,200,0,0,255,255,255,1,0,0,0,,,,,,
#DST_IMAGE,0,1750,40,125,176,200,0,155,255,255,255,1,0,0,0,,,,,,
#DST_IMAGE,0,1800,40,125,176,200,0,0,255,255,255,1,0,0,0,,,,,,

//bar2-2
//SRC定義,(NULL),gr,x,y,w,h,div_x,div_y,cycle,timer,op1,op2,op3,,,,,,,,
#SRC_IMAGE,0,50,1221,521,295,298,1,1,0,0,0,0,0,,,,,,,,
//DST定義,(NULL),time,x,y,w,h,acc,a,r,g,b,blend,filter,angle,center,loop,timer,op1,op2,op3,
#DST_IMAGE,0,300,-235,-54,295,298,0,0,255,255,255,1,0,0,0,-1,48,0,0,0,
#DST_IMAGE,0,500,40,181,295,298,0,155,255,255,255,1,0,0,0,,,,,,
#DST_IMAGE,0,1000,40,181,295,298,0,155,255,255,255,1,0,0,0,,,,,,
#DST_IMAGE,0,1050,40,181,295,298,0,0,255,255,255,1,0,0,0,,,,,,
#DST_IMAGE,0,1100,40,181,295,298,0,155,255,255,255,1,0,0,0,,,,,,
#DST_IMAGE,0,1150,40,181,295,298,0,0,255,255,255,1,0,0,0,,,,,,
#DST_IMAGE,0,1200,40,181,295,298,0,155,255,255,255,1,0,0,0,,,,,,
#DST_IMAGE,0,1250,40,181,295,298,0,0,255,255,255,1,0,0,0,,,,,,
#DST_IMAGE,0,1300,40,181,295,298,0,155,255,255,255,1,0,0,0,,,,,,
#DST_IMAGE,0,1350,40,181,295,298,0,0,255,255,255,1,0,0,0,,,,,,


//2P
//メイン1,,,,,,,,,,,,,,,,,,,,,
//SRC定義,(NULL),gr,x,y,w,h,div_x,div_y,cycle,timer,op1,op2,op3,,,,,,,,
#SRC_IMAGE,0,50,0,513,377,687,1,1,0,0,0,0,0,,,,,,,,
//DST定義,(NULL),time,x,y,w,h,acc,a,r,g,b,blend,filter,angle,center,loop,timer,op1,op2,op3,
#DST_IMAGE,0,16,942,482,288,-482,0,200,255,255,255,1,0,0,0,-1,49,0,0,0,
#DST_IMAGE,0,2500,942,482,288,-687,0,0,255,255,255,1,0,0,0,,,,,,

,,,,,,,,,,,,,,,,,,,,,
//メイン2,,,,,,,,,,,,,,,,,,,,,
//SRC定義,(NULL),gr,x,y,w,h,div_x,div_y,cycle,timer,op1,op2,op3,,,,,,,,
#SRC_IMAGE,0,50,0,0,377,482,1,1,0,0,0,0,0,,,,,,,,
//DST定義,(NULL),time,x,y,w,h,acc,a,r,g,b,blend,filter,angle,center,loop,timer,op1,op2,op3,
#DST_IMAGE,0,0,942,0,288,482,0,255,255,255,255,2,0,0,0,-1,49,0,0,0,
#DST_IMAGE,0,2400,942,0,288,482,0,0,255,255,255,2,0,0,0,,,,,,
,,,,,,,,,,,,,,,,,,,,,
//メイン3,,,,,,,,,,,,,,,,,,,,,
//SRC定義,(NULL),gr,x,y,w,h,div_x,div_y,cycle,timer,op1,op2,op3,,,,,,,,
#SRC_IMAGE,0,50,823,0,377,482,1,1,0,0,0,0,0,,,,,,,,
//DST定義,(NULL),time,x,y,w,h,acc,a,r,g,b,blend,filter,angle,center,loop,timer,op1,op2,op3,
#DST_IMAGE,0,0,942,0,288,482,0,255,255,255,255,2,0,0,0,-1,49,0,0,0,
#DST_IMAGE,0,1000,1078,0,10,482,0,0,255,255,255,2,0,0,0,,,,,,


,,,,,,,,,,,,,,,,,,,,,
//フラッシュ1,,,,,,,,,,,,,,,,,,,,,
//SRC定義,(NULL),gr,x,y,w,h,div_x,div_y,cycle,timer,op1,op2,op3,,,,,,,,
#SRC_IMAGE,0,50,377,806,428,188,1,1,0,0,0,0,0,,,,,,,,
//DST定義,(NULL),time,x,y,w,h,acc,a,r,g,b,blend,filter,angle,center,loop,timer,op1,op2,op3,
#DST_IMAGE,0,0,791,384,605,188,0,255,255,255,255,2,0,0,0,-1,49,0,0,0,
#DST_IMAGE,0,2000,791,294,605,300,0,0,255,255,255,2,0,0,0,,,,,,

,,,,,,,,,,,,,,,,,,,,,
//フラッシュ2,,,,,,,,,,,,,,,,,,,,,
//SRC定義,(NULL),gr,x,y,w,h,div_x,div_y,cycle,timer,op1,op2,op3,,,,,,,,
#SRC_IMAGE,0,50,377,417,428,383,1,1,0,0,0,0,0,,,,,,,,
//DST定義,(NULL),time,x,y,w,h,acc,a,r,g,b,blend,filter,angle,center,loop,timer,op1,op2,op3,
#DST_IMAGE,0,0,860,267,428,383,0,255,255,255,255,2,0,0,0,-1,49,0,0,0,
#DST_IMAGE,0,1500,434,-112,1284,1149,0,0,255,255,255,2,0,0,0,,,,,,


,,,,,,,,,,,,,,,,,,,,,
//dust,,,,,,,,,,,,,,,,,,,,
//SRC定義,(NULL),gr,x,y,w,h,div_x,div_y,cycle,timer,op1,op2,op3,,,,,,,,
#SRC_IMAGE,0,50,823,900,380,301,1,1,0,0,0,0,0,,,,,,,,
//DST定義,(NULL),time,x,y,w,h,acc,a,r,g,b,blend,filter,angle,center,loop,timer,op1,op2,op3,
#DST_IMAGE,0,0,942,295,288,301,0,205,255,255,255,2,0,0,0,-1,49,0,0,0,
#DST_IMAGE,0,2400,942,214,288,301,0,0,255,255,255,2,0,0,0,,,,,,

//dust,,,,,,,,,,,,,,,,,,,,
//SRC定義,(NULL),gr,x,y,w,h,div_x,div_y,cycle,timer,op1,op2,op3,,,,,,,,
#SRC_IMAGE,0,50,823,900,380,602,1,2,160,0,0,0,0,,,,,,,,
//DST定義,(NULL),time,x,y,w,h,acc,a,r,g,b,blend,filter,angle,center,loop,timer,op1,op2,op3,
#DST_IMAGE,0,0,942,295,288,301,0,255,255,255,255,2,0,0,0,-1,49,0,0,0,
#DST_IMAGE,0,2400,942,214,288,301,0,0,255,255,255,2,0,0,0,,,,,,




//kira1,,,,,,,,,,,,,,,,,,,,
//SRC定義,(NULL),gr,x,y,w,h,div_x,div_y,cycle,timer,op1,op2,op3,,,,,,,
#SRC_IMAGE,0,50,588,1000,18,36,1,2,120,48,0,0,0,,,,,,,
//DST定義,(NULL),time,x,y,w,h,acc,a,r,g,b,blend,filter,angle,center,loop,timer,op1,op2,op3
#DST_IMAGE,0,16,986,449,18,18,0,255,255,255,255,2,0,0,0,-1,49,0,0,0
#DST_IMAGE,0,800,986,360,18,18,0,255,255,255,255,2,0,0,0,,,,,

//kira2,,,,,,,,,,,,,,,,,,,,
//SRC定義,(NULL),gr,x,y,w,h,div_x,div_y,cycle,timer,op1,op2,op3,,,,,,,
#SRC_IMAGE,0,50,588,1000,18,36,1,2,120,48,0,0,0,,,,,,,
//DST定義,(NULL),time,x,y,w,h,acc,a,r,g,b,blend,filter,angle,center,loop,timer,op1,op2,op3
#DST_IMAGE,0,150,1224,449,18,18,0,255,255,255,255,2,0,0,0,-1,49,0,0,0
#DST_IMAGE,0,833,1224,317,18,18,0,255,255,255,255,2,0,0,0,,,,,

//kira3,,,,,,,,,,,,,,,,,,,,
//SRC定義,(NULL),gr,x,y,w,h,div_x,div_y,cycle,timer,op1,op2,op3,,,,,,,
#SRC_IMAGE,0,50,588,1000,18,36,1,2,120,48,0,0,0,,,,,,,
//DST定義,(NULL),time,x,y,w,h,acc,a,r,g,b,blend,filter,angle,center,loop,timer,op1,op2,op3
#DST_IMAGE,0,183,1148,449,18,18,0,255,255,255,255,2,0,0,0,-1,49,0,0,0
#DST_IMAGE,0,1016,1148,110,18,18,0,255,255,255,255,2,0,0,0,,,,,

//kira4,,,,,,,,,,,,,,,,,,,,
//SRC定義,(NULL),gr,x,y,w,h,div_x,div_y,cycle,timer,op1,op2,op3,,,,,,,
#SRC_IMAGE,0,50,588,1000,18,36,1,2,120,48,0,0,0,,,,,,,
//DST定義,(NULL),time,x,y,w,h,acc,a,r,g,b,blend,filter,angle,center,loop,timer,op1,op2,op3
#DST_IMAGE,0,233,1182,449,18,18,0,255,255,255,255,2,0,0,0,-1,49,0,0,0
#DST_IMAGE,0,916,1182,249,18,18,0,255,255,255,255,2,0,0,0,,,,,

//kira5,,,,,,,,,,,,,,,,,,,,
//SRC定義,(NULL),gr,x,y,w,h,div_x,div_y,cycle,timer,op1,op2,op3,,,,,,,
#SRC_IMAGE,0,50,588,1000,18,36,1,2,120,48,0,0,0,,,,,,,
//DST定義,(NULL),time,x,y,w,h,acc,a,r,g,b,blend,filter,angle,center,loop,timer,op1,op2,op3
#DST_IMAGE,0,250,1017,449,18,18,0,255,255,255,255,2,0,0,0,-1,49,0,0,0
#DST_IMAGE,0,933,1017,263,18,18,0,255,255,255,255,2,0,0,0,,,,,

//kira6,,,,,,,,,,,,,,,,,,,,
//SRC定義,(NULL),gr,x,y,w,h,div_x,div_y,cycle,timer,op1,op2,op3,,,,,,,
#SRC_IMAGE,0,50,588,1000,18,36,1,2,120,48,0,0,0,,,,,,,
//DST定義,(NULL),time,x,y,w,h,acc,a,r,g,b,blend,filter,angle,center,loop,timer,op1,op2,op3
#DST_IMAGE,0,266,1213,449,18,18,0,255,255,255,255,2,0,0,0,-1,49,0,0,0
#DST_IMAGE,0,1050,1213,270,18,18,0,255,255,255,255,2,0,0,0,,,,,

//kira7,,,,,,,,,,,,,,,,,,,,
//SRC定義,(NULL),gr,x,y,w,h,div_x,div_y,cycle,timer,op1,op2,op3,,,,,,,
#SRC_IMAGE,0,50,588,1000,18,36,1,2,120,48,0,0,0,,,,,,,
//DST定義,(NULL),time,x,y,w,h,acc,a,r,g,b,blend,filter,angle,center,loop,timer,op1,op2,op3
#DST_IMAGE,0,283,975,451,18,18,0,255,255,255,255,2,0,0,0,-1,49,0,0,0
#DST_IMAGE,0,900,975,127,18,18,0,255,255,255,255,2,0,0,0,,,,,

//kira8,,,,,,,,,,,,,,,,,,,,
//SRC定義,(NULL),gr,x,y,w,h,div_x,div_y,cycle,timer,op1,op2,op3,,,,,,,
#SRC_IMAGE,0,50,588,1000,18,36,1,2,120,48,0,0,0,,,,,,,
//DST定義,(NULL),time,x,y,w,h,acc,a,r,g,b,blend,filter,angle,center,loop,timer,op1,op2,op3
#DST_IMAGE,0,350,1096,449,18,18,0,255,255,255,255,2,0,0,0,-1,49,0,0,0
#DST_IMAGE,0,1133,1096,297,18,18,0,255,255,255,255,2,0,0,0,,,,,

//kira9,,,,,,,,,,,,,,,,,,,,
//SRC定義,(NULL),gr,x,y,w,h,div_x,div_y,cycle,timer,op1,op2,op3,,,,,,,
#SRC_IMAGE,0,50,588,1000,18,36,1,2,120,48,0,0,0,,,,,,,
//DST定義,(NULL),time,x,y,w,h,acc,a,r,g,b,blend,filter,angle,center,loop,timer,op1,op2,op3
#DST_IMAGE,0,350,1187,449,18,18,0,255,255,255,255,2,0,0,0,-1,49,0,0,0
#DST_IMAGE,0,1100,1187,312,18,18,0,255,255,255,255,2,0,0,0,,,,,

//kira10,,,,,,,,,,,,,,,,,,,,
//SRC定義,(NULL),gr,x,y,w,h,div_x,div_y,cycle,timer,op1,op2,op3,,,,,,,
#SRC_IMAGE,0,50,588,1000,18,36,1,2,120,48,0,0,0,,,,,,,
//DST定義,(NULL),time,x,y,w,h,acc,a,r,g,b,blend,filter,angle,center,loop,timer,op1,op2,op3
#DST_IMAGE,0,383,1073,451,18,18,0,255,255,255,255,2,0,0,0,-1,49,0,0,0
#DST_IMAGE,0,1166,1073,186,18,18,0,255,255,255,255,2,0,0,0,,,,,

//kira11,,,,,,,,,,,,,,,,,,,,
//SRC定義,(NULL),gr,x,y,w,h,div_x,div_y,cycle,timer,op1,op2,op3,,,,,,,
#SRC_IMAGE,0,50,588,1000,18,36,1,2,120,48,0,0,0,,,,,,,
//DST定義,(NULL),time,x,y,w,h,acc,a,r,g,b,blend,filter,angle,center,loop,timer,op1,op2,op3
#DST_IMAGE,0,383,1193,451,18,18,0,255,255,255,255,2,0,0,0,-1,49,0,0,0
#DST_IMAGE,0,1166,1193,245,18,18,0,255,255,255,255,2,0,0,0,,,,,

//kira12,,,,,,,,,,,,,,,,,,,,
//SRC定義,(NULL),gr,x,y,w,h,div_x,div_y,cycle,timer,op1,op2,op3,,,,,,,
#SRC_IMAGE,0,50,588,1000,18,36,1,2,120,48,0,0,0,,,,,,,
//DST定義,(NULL),time,x,y,w,h,acc,a,r,g,b,blend,filter,angle,center,loop,timer,op1,op2,op3
#DST_IMAGE,0,433,1172,451,18,18,0,255,255,255,255,2,0,0,0,-1,49,0,0,0
#DST_IMAGE,0,783,1172,391,18,18,0,255,255,255,255,2,0,0,0,,,,,
#DST_IMAGE,0,1033,1172,291,18,18,0,255,255,255,255,2,0,0,0,,,,,

//kira13,,,,,,,,,,,,,,,,,,,,
//SRC定義,(NULL),gr,x,y,w,h,div_x,div_y,cycle,timer,op1,op2,op3,,,,,,,
#SRC_IMAGE,0,50,588,1000,18,36,1,2,120,48,0,0,0,,,,,,,
//DST定義,(NULL),time,x,y,w,h,acc,a,r,g,b,blend,filter,angle,center,loop,timer,op1,op2,op3
#DST_IMAGE,0,483,1219,451,18,18,0,255,255,255,255,2,0,0,0,-1,49,0,0,0
#DST_IMAGE,0,833,1219,322,18,18,0,255,255,255,255,2,0,0,0,,,,,

//kira14,,,,,,,,,,,,,,,,,,,,
//SRC定義,(NULL),gr,x,y,w,h,div_x,div_y,cycle,timer,op1,op2,op3,,,,,,,
#SRC_IMAGE,0,50,588,1000,18,36,1,2,120,48,0,0,0,,,,,,,
//DST定義,(NULL),time,x,y,w,h,acc,a,r,g,b,blend,filter,angle,center,loop,timer,op1,op2,op3
#DST_IMAGE,0,500,1137,449,18,18,0,255,255,255,255,2,0,0,0,-1,49,0,0,0
#DST_IMAGE,0,1183,1137,-12,18,18,0,255,255,255,255,2,0,0,0,,,,,

//kira15,,,,,,,,,,,,,,,,,,,,
//SRC定義,(NULL),gr,x,y,w,h,div_x,div_y,cycle,timer,op1,op2,op3,,,,,,,
#SRC_IMAGE,0,50,588,1000,18,36,1,2,120,48,0,0,0,,,,,,,
//DST定義,(NULL),time,x,y,w,h,acc,a,r,g,b,blend,filter,angle,center,loop,timer,op1,op2,op3
#DST_IMAGE,0,500,1168,449,18,18,0,255,255,255,255,2,0,0,0,-1,49,0,0,0
#DST_IMAGE,0,1283,1168,40,18,18,0,255,255,255,255,2,0,0,0,,,,,

//kira16,,,,,,,,,,,,,,,,,,,,
//SRC定義,(NULL),gr,x,y,w,h,div_x,div_y,cycle,timer,op1,op2,op3,,,,,,,
#SRC_IMAGE,0,50,588,1000,18,36,1,2,120,48,0,0,0,,,,,,,
//DST定義,(NULL),time,x,y,w,h,acc,a,r,g,b,blend,filter,angle,center,loop,timer,op1,op2,op3
#DST_IMAGE,0,500,1183,449,18,18,0,255,255,255,255,2,0,0,0,-1,49,0,0,0
#DST_IMAGE,0,1266,1183,-15,18,18,0,255,255,255,255,2,0,0,0,,,,,

//kira17,,,,,,,,,,,,,,,,,,,,
//SRC定義,(NULL),gr,x,y,w,h,div_x,div_y,cycle,timer,op1,op2,op3,,,,,,,
#SRC_IMAGE,0,50,588,1000,18,36,1,2,120,48,0,0,0,,,,,,,
//DST定義,(NULL),time,x,y,w,h,acc,a,r,g,b,blend,filter,angle,center,loop,timer,op1,op2,op3
#DST_IMAGE,0,533,1045,451,18,18,0,255,255,255,255,2,0,0,0,-1,49,0,0,0
#DST_IMAGE,0,1316,1045,413,18,18,0,255,255,255,255,2,0,0,0,,,,,

//kira18,,,,,,,,,,,,,,,,,,,,
//SRC定義,(NULL),gr,x,y,w,h,div_x,div_y,cycle,timer,op1,op2,op3,,,,,,,
#SRC_IMAGE,0,50,588,1000,18,36,1,2,120,48,0,0,0,,,,,,,
//DST定義,(NULL),time,x,y,w,h,acc,a,r,g,b,blend,filter,angle,center,loop,timer,op1,op2,op3
#DST_IMAGE,0,566,1203,451,18,18,0,255,255,255,255,2,0,0,0,-1,49,0,0,0
#DST_IMAGE,0,1266,1203,352,18,18,0,255,255,255,255,2,0,0,0,,,,,

//kira19,,,,,,,,,,,,,,,,,,,,
//SRC定義,(NULL),gr,x,y,w,h,div_x,div_y,cycle,timer,op1,op2,op3,,,,,,,
#SRC_IMAGE,0,50,588,1000,18,36,1,2,120,48,0,0,0,,,,,,,
//DST定義,(NULL),time,x,y,w,h,acc,a,r,g,b,blend,filter,angle,center,loop,timer,op1,op2,op3
#DST_IMAGE,0,616,1057,451,18,18,0,255,255,255,255,2,0,0,0,-1,49,0,0,0
#DST_IMAGE,0,1266,1057,384,18,18,0,255,255,255,255,2,0,0,0,,,,,

//kira20,,,,,,,,,,,,,,,,,,,,
//SRC定義,(NULL),gr,x,y,w,h,div_x,div_y,cycle,timer,op1,op2,op3,,,,,,,
#SRC_IMAGE,0,50,588,1000,18,36,1,2,120,48,0,0,0,,,,,,,
//DST定義,(NULL),time,x,y,w,h,acc,a,r,g,b,blend,filter,angle,center,loop,timer,op1,op2,op3
#DST_IMAGE,0,683,1105,451,18,18,0,255,255,255,255,2,0,0,0,-1,49,0,0,0
#DST_IMAGE,0,1216,1105,354,18,18,0,255,255,255,255,2,0,0,0,,,,,

//kira21,,,,,,,,,,,,,,,,,,,,
//SRC定義,(NULL),gr,x,y,w,h,div_x,div_y,cycle,timer,op1,op2,op3,,,,,,,
#SRC_IMAGE,0,50,588,1000,18,36,1,2,120,48,0,0,0,,,,,,,
//DST定義,(NULL),time,x,y,w,h,acc,a,r,g,b,blend,filter,angle,center,loop,timer,op1,op2,op3
#DST_IMAGE,0,700,1060,451,18,18,0,255,255,255,255,2,0,0,0,-1,49,0,0,0
#DST_IMAGE,0,1050,1060,426,18,18,0,255,255,255,255,2,0,0,0,,,,,

//kira22,,,,,,,,,,,,,,,,,,,,
//SRC定義,(NULL),gr,x,y,w,h,div_x,div_y,cycle,timer,op1,op2,op3,,,,,,,
#SRC_IMAGE,0,50,588,1000,18,36,1,2,120,48,0,0,0,,,,,,,
//DST定義,(NULL),time,x,y,w,h,acc,a,r,g,b,blend,filter,angle,center,loop,timer,op1,op2,op3
#DST_IMAGE,0,750,1150,451,18,18,0,255,255,255,255,2,0,0,0,-1,49,0,0,0
#DST_IMAGE,0,1283,1150,279,18,18,0,255,255,255,255,2,0,0,0,,,,,

//kira23,,,,,,,,,,,,,,,,,,,,
//SRC定義,(NULL),gr,x,y,w,h,div_x,div_y,cycle,timer,op1,op2,op3,,,,,,,
#SRC_IMAGE,0,50,588,1000,18,36,1,2,120,48,0,0,0,,,,,,,
//DST定義,(NULL),time,x,y,w,h,acc,a,r,g,b,blend,filter,angle,center,loop,timer,op1,op2,op3
#DST_IMAGE,0,866,1217,451,18,18,0,255,255,255,255,2,0,0,0,-1,49,0,0,0
#DST_IMAGE,0,1216,1217,387,18,18,0,255,255,255,255,2,0,0,0,,,,,

/////////////////////////////

//arrow,,,,,,,,,,,,,,,,,,,,
//SRC定義,(NULL),gr,x,y,w,h,div_x,div_y,cycle,timer,op1,op2,op3,,,,,,,,
#SRC_IMAGE,0,50,377,1000,113,80,1,1,0,0,0,0,0,,,,,,,,
//DST定義,(NULL),time,x,y,w,h,acc,a,r,g,b,blend,filter,angle,center,loop,timer,op1,op2,op3,
#DST_IMAGE,0,700,980,444,70,75,0,205,255,255,255,2,0,0,0,-1,49,0,0,0,
#DST_IMAGE,0,900,980,-50,70,75,0,255,255,255,255,2,0,0,0,,,,,,

//arrow,,,,,,,,,,,,,,,,,,,,
//SRC定義,(NULL),gr,x,y,w,h,div_x,div_y,cycle,timer,op1,op2,op3,,,,,,,,
#SRC_IMAGE,0,50,377,1000,113,80,1,1,0,0,0,0,0,,,,,,,,
//DST定義,(NULL),time,x,y,w,h,acc,a,r,g,b,blend,filter,angle,center,loop,timer,op1,op2,op3,
#DST_IMAGE,0,825,1180,444,70,75,0,205,255,255,255,2,0,0,0,-1,49,0,0,0,
#DST_IMAGE,0,1025,1180,-50,70,75,0,255,255,255,255,2,0,0,0,,,,,,

//arrow,,,,,,,,,,,,,,,,,,,,
//SRC定義,(NULL),gr,x,y,w,h,div_x,div_y,cycle,timer,op1,op2,op3,,,,,,,,
#SRC_IMAGE,0,50,377,1000,113,80,1,1,0,0,0,0,0,,,,,,,,
//DST定義,(NULL),time,x,y,w,h,acc,a,r,g,b,blend,filter,angle,center,loop,timer,op1,op2,op3,
#DST_IMAGE,0,750,928,444,70,75,0,205,255,255,255,2,0,0,0,-1,49,0,0,0,
#DST_IMAGE,0,950,928,-50,70,75,0,255,255,255,255,2,0,0,0,,,,,,


//arrow,,,,,,,,,,,,,,,,,,,,
//SRC定義,(NULL),gr,x,y,w,h,div_x,div_y,cycle,timer,op1,op2,op3,,,,,,,,
#SRC_IMAGE,0,50,377,1000,113,80,1,1,0,0,0,0,0,,,,,,,,
//DST定義,(NULL),time,x,y,w,h,acc,a,r,g,b,blend,filter,angle,center,loop,timer,op1,op2,op3,
#DST_IMAGE,0,850,928,444,70,75,0,205,255,255,255,2,0,0,0,-1,49,0,0,0,
#DST_IMAGE,0,1050,928,-50,70,75,0,205,255,255,255,2,0,0,0,,,,,,

//arrow,,,,,,,,,,,,,,,,,,,,
//SRC定義,(NULL),gr,x,y,w,h,div_x,div_y,cycle,timer,op1,op2,op3,,,,,,,,
#SRC_IMAGE,0,50,377,1000,113,80,1,1,0,0,0,0,0,,,,,,,,
//DST定義,(NULL),time,x,y,w,h,acc,a,r,g,b,blend,filter,angle,center,loop,timer,op1,op2,op3,
#DST_IMAGE,0,700,981,444,70,75,0,205,255,255,255,2,0,0,0,-1,49,0,0,0,
#DST_IMAGE,0,900,981,132,70,75,0,205,255,255,255,2,0,0,0,,,,,,
#DST_IMAGE,0,1200,981,120,70,75,0,205,255,255,255,2,0,0,0,,,,,,
#DST_IMAGE,0,1300,981,-50,70,75,0,205,255,255,255,2,0,0,0,,,,,,


//arrow,,,,,,,,,,,,,,,,,,,,
//SRC定義,(NULL),gr,x,y,w,h,div_x,div_y,cycle,timer,op1,op2,op3,,,,,,,,
#SRC_IMAGE,0,50,377,1000,113,80,1,1,0,0,0,0,0,,,,,,,,
//DST定義,(NULL),time,x,y,w,h,acc,a,r,g,b,blend,filter,angle,center,loop,timer,op1,op2,op3,
#DST_IMAGE,0,1300,1180,444,70,75,0,205,255,255,255,2,0,0,0,-1,49,0,0,0,
#DST_IMAGE,0,1400,1180,110,70,75,0,205,255,255,255,2,0,0,0,,,,,,
#DST_IMAGE,0,1600,1180,80,70,75,0,205,255,255,255,2,0,0,0,,,,,,
#DST_IMAGE,0,1700,1180,-50,70,75,0,205,255,255,255,2,0,0,0,,,,,,



/////////////////
//petal,,,,,,,,,,,,,,,,,,,,,
//SRC定義,(NULL),gr,x,y,w,h,div_x,div_y,cycle,timer,op1,op2,op3,,,,,,,,
#SRC_IMAGE,0,50,610,1000,115,115,1,1,0,0,0,0,0,,,,,,,,
//DST定義,(NULL),time,x,y,w,h,acc,a,r,g,b,blend,filter,angle,center,loop,timer,op1,op2,op3,
#DST_IMAGE,0,700,920,444,115,115,0,205,255,255,255,2,0,0,0,-1,49,0,0,0,
#DST_IMAGE,0,1400,920,-50,115,115,0,0,255,255,255,2,0,40,0,,,,,,

//petal,,,,,,,,,,,,,,,,,,,
//SRC定義,(NULL),gr,x,y,w,h,div_x,div_y,cycle,timer,op1,op2,op3,,,,,,,,
#SRC_IMAGE,0,50,610,1000,115,115,1,1,0,0,0,0,0,,,,,,,,
//DST定義,(NULL),time,x,y,w,h,acc,a,r,g,b,blend,filter,angle,center,loop,timer,op1,op2,op3,
#DST_IMAGE,0,825,1159,444,115,115,0,205,255,255,255,2,0,60,0,-1,48,0,0,0,
#DST_IMAGE,0,1625,1159,-50,115,115,0,0,255,255,255,2,0,80,0,,,,,,

//petal,,,,,,,,,,,,,,,,,,,,,,,
//SRC定義,(NULL),gr,x,y,w,h,div_x,div_y,cycle,timer,op1,op2,op3,,,,,,,,
#SRC_IMAGE,0,50,610,1000,115,115,1,1,0,0,0,0,0,,,,,,,,
//DST定義,(NULL),time,x,y,w,h,acc,a,r,g,b,blend,filter,angle,center,loop,timer,op1,op2,op3,
#DST_IMAGE,0,750,908,444,115,115,0,205,255,255,255,2,0,150,0,-1,49,0,0,0,
#DST_IMAGE,0,1700,908,-50,115,115,0,0,255,255,255,2,0,170,0,,,,,,

//petal,,,,,,,,,,,,,,,,,,,,
//SRC定義,(NULL),gr,x,y,w,h,div_x,div_y,cycle,timer,op1,op2,op3,,,,,,,,
#SRC_IMAGE,0,50,610,1000,115,115,1,1,0,0,0,0,0,,,,,,,,
//DST定義,(NULL),time,x,y,w,h,acc,a,r,g,b,blend,filter,angle,center,loop,timer,op1,op2,op3,
#DST_IMAGE,0,850,908,444,115,115,0,205,255,255,255,2,0,210,0,-1,49,0,0,0,
#DST_IMAGE,0,1850,908,-50,115,115,0,0,255,255,255,2,0,250,0,,,,,,

//petal,,,,,,,,,,,,,,,,,,,
//SRC定義,(NULL),gr,x,y,w,h,div_x,div_y,cycle,timer,op1,op2,op3,,,,,,,,
#SRC_IMAGE,0,50,610,1000,115,115,1,1,0,0,0,0,0,,,,,,,,
//DST定義,(NULL),time,x,y,w,h,acc,a,r,g,b,blend,filter,angle,center,loop,timer,op1,op2,op3,
#DST_IMAGE,0,700,981,444,115,115,0,205,255,255,255,2,0,0,0,-1,49,0,0,0,
#DST_IMAGE,0,900,981,132,115,115,0,205,255,255,255,2,0,20,0,,,,,,
#DST_IMAGE,0,1400,981,120,115,115,0,205,255,255,255,2,0,30,0,,,,,,
#DST_IMAGE,0,2000,981,-50,115,115,0,0,255,255,255,2,0,40,0,,,,,,


//petal,,,,,,,,,,,,,,,,,,,
//SRC定義,(NULL),gr,x,y,w,h,div_x,div_y,cycle,timer,op1,op2,op3,,,,,,,,
#SRC_IMAGE,0,50,610,1000,115,115,1,1,0,0,0,0,0,,,,,,,,
//DST定義,(NULL),time,x,y,w,h,acc,a,r,g,b,blend,filter,angle,center,loop,timer,op1,op2,op3,
#DST_IMAGE,0,1300,1159,444,115,115,0,205,255,255,255,2,0,80,0,-1,49,0,0,0,
#DST_IMAGE,0,1400,1159,110,115,115,0,205,255,255,255,2,0,90,0,,,,,,
#DST_IMAGE,0,1600,1159,80,115,115,0,205,255,255,255,2,0,100,0,,,,,,
#DST_IMAGE,0,2200,1159,-50,115,115,0,0,255,255,255,2,0,110,0,,,,,,


/////////////////






//light
//SRC定義,(NULL),gr,x,y,w,h,div_x,div_y,cycle,timer,op1,op2,op3,,,,,,,,
#SRC_IMAGE,0,50,823,485,377,408,1,1,0,0,0,0,0,,,,,,,,
//DST定義,(NULL),time,x,y,w,h,acc,a,r,g,b,blend,filter,angle,center,loop,timer,op1,op2,op3,
#DST_IMAGE,0,1100,942,64,288,311,0,0,255,255,255,2,0,0,0,-1,49,0,0,0,
#DST_IMAGE,0,1400,942,64,288,311,0,255,255,255,255,2,0,0,0,,,,,,
#DST_IMAGE,0,1600,942,64,288,311,0,155,255,255,255,2,0,0,0,,,,,,
#DST_IMAGE,0,1800,942,64,288,311,0,205,255,255,255,2,0,0,0,,,,,,
#DST_IMAGE,0,2400,942,64,288,311,0,0,255,255,255,2,0,0,0,,,,,,



/////////////////



,,,,,,,,,,,,,,,,,,,,,
//リング2,,,,,,,,,,,,,,,,,,,,,
//SRC定義,(NULL),gr,x,y,w,h,div_x,div_y,cycle,timer,op1,op2,op3,,,,,,,,
#SRC_IMAGE,0,50,377,0,395,410,1,1,0,0,0,0,0,,,,,,,,
//DST定義,(NULL),time,x,y,w,h,acc,a,r,g,b,blend,filter,angle,center,loop,timer,op1,op2,op3,
#DST_IMAGE,0,0,894,276,395,410,0,255,255,255,255,2,0,0,0,-1,49,0,0,0,
#DST_IMAGE,0,400,304,-332,1580,1640,0,0,255,255,255,2,0,0,0,,,,,,

//リング1,,,,,,,,,,,,,,,,,,,,,
//SRC定義,(NULL),gr,x,y,w,h,div_x,div_y,cycle,timer,op1,op2,op3,,,,,,,,
#SRC_IMAGE,0,50,377,0,395,410,1,1,0,0,0,0,0,,,,,,,,
//DST定義,(NULL),time,x,y,w,h,acc,a,r,g,b,blend,filter,angle,center,loop,timer,op1,op2,op3,
#DST_IMAGE,0,0,894,276,395,410,0,255,255,255,255,2,0,0,0,-1,49,0,0,0,
#DST_IMAGE,0,600,692,67,790,820,0,0,255,255,255,2,0,0,0,,,,,,



//bar1-1
//SRC定義,(NULL),gr,x,y,w,h,div_x,div_y,cycle,timer,op1,op2,op3,,,,,,,,
#SRC_IMAGE,0,50,1221,0,107,121,1,1,0,0,0,0,0,,,,,,,,
//DST定義,(NULL),time,x,y,w,h,acc,a,r,g,b,blend,filter,angle,center,loop,timer,op1,op2,op3,
#DST_IMAGE,0,375,851,-39,107,121,0,0,255,255,255,1,0,0,0,-1,49,0,0,0,
#DST_IMAGE,0,575,932,17,107,121,0,155,255,255,255,1,0,0,0,,,,,,
#DST_IMAGE,0,1700,932,17,107,121,0,155,255,255,255,1,0,0,0,,,,,,
#DST_IMAGE,0,1750,932,17,107,121,0,0,255,255,255,1,0,0,0,,,,,,
#DST_IMAGE,0,1800,932,17,107,121,0,155,255,255,255,1,0,0,0,,,,,,
#DST_IMAGE,0,1850,932,17,107,121,0,0,255,255,255,1,0,0,0,,,,,,
//bar1-2
//SRC定義,(NULL),gr,x,y,w,h,div_x,div_y,cycle,timer,op1,op2,op3,,,,,,,,
#SRC_IMAGE,0,50,1221,126,180,183,1,1,0,0,0,0,0,,,,,,,,
//DST定義,(NULL),time,x,y,w,h,acc,a,r,g,b,blend,filter,angle,center,loop,timer,op1,op2,op3,
#DST_IMAGE,0,425,766,-124,180,183,0,0,255,255,255,1,0,0,0,-1,49,0,0,0,
#DST_IMAGE,0,575,932,51,180,183,0,155,255,255,255,1,0,0,0,,,,,,
#DST_IMAGE,0,1250,932,51,180,183,0,155,255,255,255,1,0,0,0,,,,,,
#DST_IMAGE,0,1300,932,51,180,183,0,0,255,255,255,1,0,0,0,,,,,,
#DST_IMAGE,0,1350,932,51,180,183,0,155,255,255,255,1,0,0,0,,,,,,
#DST_IMAGE,0,1400,932,51,180,183,0,0,255,255,255,1,0,0,0,,,,,,
#DST_IMAGE,0,1450,932,51,180,183,0,155,255,255,255,1,0,0,0,,,,,,
#DST_IMAGE,0,1500,932,51,180,183,0,0,255,255,255,1,0,0,0,,,,,,
//bar2-1
//SRC定義,(NULL),gr,x,y,w,h,div_x,div_y,cycle,timer,op1,op2,op3,,,,,,,,
#SRC_IMAGE,0,50,1221,318,176,200,1,1,0,0,0,0,0,,,,,,,,
//DST定義,(NULL),time,x,y,w,h,acc,a,r,g,b,blend,filter,angle,center,loop,timer,op1,op2,op3,
#DST_IMAGE,0,350,782,-1,176,200,0,0,255,255,255,1,0,0,0,-1,49,0,0,0,
#DST_IMAGE,0,550,932,125,176,200,0,155,255,255,255,1,0,0,0,,,,,,
#DST_IMAGE,0,700,932,125,176,200,0,155,255,255,255,1,0,0,0,,,,,,
#DST_IMAGE,0,1350,932,125,176,200,0,155,255,255,255,1,0,0,0,,,,,,
#DST_IMAGE,0,1400,932,125,176,200,0,0,255,255,255,1,0,0,0,,,,,,
#DST_IMAGE,0,1450,932,125,176,200,0,155,255,255,255,1,0,0,0,,,,,,
#DST_IMAGE,0,1550,932,125,176,200,0,0,255,255,255,1,0,0,0,,,,,,
#DST_IMAGE,0,1600,932,125,176,200,0,155,255,255,255,1,0,0,0,,,,,,
#DST_IMAGE,0,1700,932,125,176,200,0,0,255,255,255,1,0,0,0,,,,,,
#DST_IMAGE,0,1750,932,125,176,200,0,155,255,255,255,1,0,0,0,,,,,,
#DST_IMAGE,0,1800,932,125,176,200,0,0,255,255,255,1,0,0,0,,,,,,

//bar2-2
//SRC定義,(NULL),gr,x,y,w,h,div_x,div_y,cycle,timer,op1,op2,op3,,,,,,,,
#SRC_IMAGE,0,50,1221,521,295,298,1,1,0,0,0,0,0,,,,,,,,
//DST定義,(NULL),time,x,y,w,h,acc,a,r,g,b,blend,filter,angle,center,loop,timer,op1,op2,op3,
#DST_IMAGE,0,300,657,-54,295,298,0,0,255,255,255,1,0,0,0,-1,49,0,0,0,
#DST_IMAGE,0,500,932,181,295,298,0,155,255,255,255,1,0,0,0,,,,,,
#DST_IMAGE,0,1000,932,181,295,298,0,155,255,255,255,1,0,0,0,,,,,,
#DST_IMAGE,0,1050,932,181,295,298,0,0,255,255,255,1,0,0,0,,,,,,
#DST_IMAGE,0,1100,932,181,295,298,0,155,255,255,255,1,0,0,0,,,,,,
#DST_IMAGE,0,1150,932,181,295,298,0,0,255,255,255,1,0,0,0,,,,,,
#DST_IMAGE,0,1200,932,181,295,298,0,155,255,255,255,1,0,0,0,,,,,,
#DST_IMAGE,0,1250,932,181,295,298,0,0,255,255,255,1,0,0,0,,,,,,
#DST_IMAGE,0,1300,932,181,295,298,0,155,255,255,255,1,0,0,0,,,,,,
#DST_IMAGE,0,1350,932,181,295,298,0,0,255,255,255,1,0,0,0,,,,,,
