//[透過色設定],,,
//透過色,R,G,B
#TRANSCOLOR,0,255,0

//[入力開始時間],,,
//入力開始時間,ms,ランク表示後,更新表示後
#STARTINPUT,0,1500,500



[画像定義],,,
//画像定義,filename,,
#IMAGE,LR2files\Theme\WMIX_HD\courseresult\system\parts.png,,,,0
#IMAGE,LR2files\Theme\WMIX_HD\result\system\djlevel\*.png,,,,,,1
#IMAGE,LR2files\Theme\WMIX_HD\courseresult\bg\clear\*.png,,,,,,,2
#IMAGE,LR2files\Theme\WMIX_HD\courseresult\bg\fail\*.png,,,,,,3
#IMAGE,LR2files\Theme\WMIX_HD\result\system\number\*.png,,,,,,4
#IMAGE,.dummy,,,,,,,,,,,,,,,,,5
#IMAGE,.dummy,,,,,,,,,,,,,,,,,6
#IMAGE,.dummy,,,,,,,,,,,,,,,,,7
#IMAGE,.dummy,,,,,,,,,,,,,,,,,8
#IMAGE,.dummy,,,,,,,,,,,,,,,,,9
#IMAGE,.dummy,,,,,,,,,,,,,,,,,10
#IMAGE,.dummy,,,,,,,,,,,,,,,,,11
#IMAGE,.dummy,,,,,,,,,,,,,,,,,12
#IMAGE,.dummy,,,,,,,,,,,,,,,,,13
#IMAGE,.dummy,,,,,,,,,,,,,,,,,14
#IMAGE,.dummy,,,,,,,,,,,,,,,,,15
#IMAGE,.dummy,,,,,,,,,,,,,,,,,16
#IMAGE,.dummy,,,,,,,,,,,,,,,,,17
#IMAGE,.dummy,,,,,,,,,,,,,,,,,18
#IMAGE,.dummy,,,,,,,,,,,,,,,,,19
#IMAGE,.dummy,,,,,,,,,,,,,,,,,20
#IMAGE,.dummy,,,,,,,,,,,,,,,,,21
#IMAGE,.dummy,,,,,,,,,,,,,,,,,22
#IMAGE,.dummy,,,,,,,,,,,,,,,,,23
#IMAGE,.dummy,,,,,,,,,,,,,,,,,24
#IMAGE,.dummy,,,,,,,,,,,,,,,,,25
#IMAGE,.dummy,,,,,,,,,,,,,,,,,26
#IF,910,
#IMAGE,CONTINUE,,,,,,,,,,//27,,,,,,,,,,,
#IMAGE,CONTINUE,,,,,,,,,,//28,,,,,,,,,,,
#ELSEIF,911,
#IMAGE,.dummy,,,,,,,,,,,,,,,,,27
#IMAGE,.dummy,,,,,,,,,,,,,,,,,28
#IMAGE,.dummy,,,,,,,,,,,,,,,,,29
#IMAGE,.dummy,,,,,,,,,,,,,,,,,30
#IMAGE,.dummy,,,,,,,,,,,,,,,,,31
#IMAGE,.dummy,,,,,,,,,,,,,,,,,32
#IMAGE,.dummy,,,,,,,,,,,,,,,,,33
#IMAGE,.dummy,,,,,,,,,,,,,,,,,34
#IMAGE,.dummy,,,,,,,,,,,,,,,,,35
#IMAGE,.dummy,,,,,,,,,,,,,,,,,36
#IMAGE,.dummy,,,,,,,,,,,,,,,,,37
#IMAGE,.dummy,,,,,,,,,,,,,,,,,38
#IMAGE,.dummy,,,,,,,,,,,,,,,,,39
#IMAGE,.dummy,,,,,,,,,,,,,,,,,40
#IMAGE,.dummy,,,,,,,,,,,,,,,,,41
#IMAGE,.dummy,,,,,,,,,,,,,,,,,42
#IMAGE,.dummy,,,,,,,,,,,,,,,,,43
#IMAGE,.dummy,,,,,,,,,,,,,,,,,44
#IMAGE,.dummy,,,,,,,,,,,,,,,,,45
#IMAGE,.dummy,,,,,,,,,,,,,,,,,46
#IMAGE,.dummy,,,,,,,,,,,,,,,,,47
#IMAGE,.dummy,,,,,,,,,,,,,,,,,48
#IMAGE,LR2files\Theme\IIDX21 SPADA\Select\Parts\SPADA.png,,,,,,,,,,,,,,,,,49
#ENDIF
,,,,,,,,,,,,,,,,,,,,,,

//フォント定義,,,,,,,,,,,,,,,,,,,
//日本語フォントなら8mbぐらいメモリを消費するので、無駄使いは止めましょう。,,,,,,,,,,,,,,,,,,,,
//thick:文字太さ,,,,,,,,,,,,,,,,,,,,
//aa/edge:0 normal 1 edge 2 aa 3 edge + aa,,,,,,,,,,,,,,,,,,,,
//フォントは右に候補をいくつでも追加できます。,,,,,,,,,,,,,,,,,,,,
,size,thick,aa/edge,name,,,,,,,,,,,,,,,,
#FONT,18,3,3,ヒラギノ角ゴ8,ＭＳ Ｐゴシック
,,,,,,,,,,,,,,,,,,,,

#LR2FONT,LR2files\Theme\WMIX_HD\font\title\font.lr2font,,,,,,,,,,,,,,,,,,,,,,,,,,,0
#LR2FONT,LR2files\Theme\WMIX_HD\font\silver\font.lr2font,,,,,,,,,,,,,,,,,,,1
#LR2FONT,LR2files\Theme\WMIX_HD\font\small\font.lr2font,,,,,,,,,,,,,,,,,,,,2


//[フェードアウト],,,,,
#FADEOUT,900,,,,,,,,,,,,,,,,,,,

[画像配置],,,,,,,,,,,,,,,,,,,,

//コピペ用テンプレート,,,,,,,,,,,,,,,,,,,,
//SRC定義,(NULL),gr,x,y,w,h,div_x,div_y,cycle,timer,op1,op2,op3,,,,,,,

//DST定義,(NULL),time,x,y,w,h,acc,a,r,g,b,blend,filter,angle,center,loop,timer,op1,op2,op3


//リザルトc,,,,,,,,,,,,,,,,,,,,
//SRC定義,(NULL),gr,x,y,w,h,div_x,div_y,cycle,timer,op1,op2,op3,,,,,,,
#SRC_IMAGE,0,2,0,0,-1,-1,1,1,0,0,0,0,0,,,,,,,
//DST定義,(NULL),time,x,y,w,h,acc,a,r,g,b,blend,filter,angle,center,loop,timer,op1,op2,op3rotatepos
#DST_IMAGE,0,0,0,0,1280,720,2,0,255,255,255,1,0,0,0,500,0,90,0,0
#DST_IMAGE,0,500,0,0,1280,720,2,255,255,255,255,1,0,0,0,,,,,


//SRC定義,(NULL),gr,x,y,w,h,div_x,div_y,cycle,timer,op1,op2,op3,,,,,,,
#SRC_IMAGE,0,2,0,0,-1,-1,1,1,0,0,0,0,0,,,,,,,
//DST定義,(NULL),time,x,y,w,h,acc,a,r,g,b,blend,filter,angle,center,loop,timer,op1,op2,op3
#DST_IMAGE,0,800,0,0,1280,720,0,0,255,255,255,2,0,0,0,800,0,90,0,0
#DST_IMAGE,0,2400,0,0,1280,720,0,100,255,255,255,2,0,0,0,,,,,
#DST_IMAGE,0,4000,0,0,1280,720,0,0,255,255,255,2,0,0,0,,,,,


//リザルトf,,,,,,,,,,,,,,,,,,,,
//SRC定義,(NULL),gr,x,y,w,h,div_x,div_y,cycle,timer,op1,op2,op3,,,,,,,
#SRC_IMAGE,0,3,0,0,-1,-1,1,1,0,0,0,0,0,,,,,,,
//DST定義,(NULL),time,x,y,w,h,acc,a,r,g,b,blend,filter,angle,center,loop,timer,op1,op2,op3rotatepos
#DST_IMAGE,0,0,0,0,1280,720,2,0,255,255,255,1,0,0,0,500,0,91,0,0
#DST_IMAGE,0,500,0,0,1280,720,2,255,255,255,255,1,0,0,0,,,,,

//SRC定義,(NULL),gr,x,y,w,h,div_x,div_y,cycle,timer,op1,op2,op3,,,,,,,
#SRC_IMAGE,0,3,0,0,-1,-1,1,1,0,0,0,0,0,,,,,,,
//DST定義,(NULL),time,x,y,w,h,acc,a,r,g,b,blend,filter,angle,center,loop,timer,op1,op2,op3
#DST_IMAGE,0,800,0,0,1280,720,0,0,255,255,255,2,0,0,0,800,0,91,0,0
#DST_IMAGE,0,2400,0,0,1280,720,0,100,255,255,255,2,0,0,0,,,,,
#DST_IMAGE,0,4000,0,0,1280,720,0,0,255,255,255,2,0,0,0,,,,,

//STAGE RESULT
//SRC定義,(NULL),gr,x,y,w,h,div_x,div_y,cycle,timer,op1,op2,op3,,,,,,,
#SRC_IMAGE,0,0,1,1,367,40,1,1,0,0,0,0,0,,,,,,,
//DST定義,(NULL),time,x,y,w,h,acc,a,r,g,b,blend,filter,angle,center,loop,timer,op1,op2,op3
#DST_IMAGE,0,0,456,3,367,40,2,255,255,255,255,0,0,0,0,0,0,90,0,0
//STAGE RESULT-F
//SRC定義,(NULL),gr,x,y,w,h,div_x,div_y,cycle,timer,op1,op2,op3,,,,,,,
#SRC_IMAGE,0,0,1,45,367,40,1,1,0,0,0,0,0,,,,,,,
//DST定義,(NULL),time,x,y,w,h,acc,a,r,g,b,blend,filter,angle,center,loop,timer,op1,op2,op3
#DST_IMAGE,0,0,456,3,367,40,2,255,255,255,255,0,0,0,0,0,0,91,0,0




//タイトル,,,,,
,,,,,,,,,,,,,,,,,,,,
//SRC定義,(NULL),font,st,align,edit,,,,,,,,,,,,,,,
#SRC_TEXT,0,0,170,1,0,,,,,,,,,,,,,,,
//DST定義,(NULL),time,x,y,w,size,acc,a,r,g,b,blend,filter,(NULL),(NULL),loop,timer,(NULL),(NULL),(NULL)
#DST_TEXT,0,0,640,55,800,84,1,0,255,255,255,1,1,0,0,500,11,0,0,
#DST_TEXT,0,500,640,55,800,84,1,255,255,255,255,1,1,0,0,,,,,
,,,,,,,,,,,,,,,,,,,,






フレーム
//SRC定義,(NULL),gr,x,y,w,h,div_x,div_y,cycle,timer,op1,op2,op3,,,,,,,
#SRC_IMAGE,0,0,0,105,495,177,1,1,0,0,0,0,0,,,,,,,
//DST定義,(NULL),time,x,y,w,h,acc,a,r,g,b,blend,filter,angle,center,loop,timer,op1,op2,op3rotatepos
#DST_IMAGE,0,0,393,148,495,177,2,0,255,255,255,1,0,0,0,500,0,0,0,0
#DST_IMAGE,0,500,393,148,495,177,2,255,255,255,255,1,0,0,0,,,,,


//SRC定義,(NULL),gr,x,y,w,h,div_x,div_y,cycle,timer,op1,op2,op3,,,,,,,
#SRC_IMAGE,0,0,984,0,292,349,1,1,0,0,0,0,0,,,,,,,
//DST定義,(NULL),time,x,y,w,h,acc,a,r,g,b,blend,filter,angle,center,loop,timer,op1,op2,op3rotatepos
#DST_IMAGE,0,0,1280,115,292,349,2,0,255,255,255,1,0,0,0,500,0,0,0,0
#DST_IMAGE,0,500,965,115,292,349,2,255,255,255,255,1,0,0,0,,,,,

//SRC定義,(NULL),gr,x,y,w,h,div_x,div_y,cycle,timer,op1,op2,op3,,,,,,,
#SRC_IMAGE,0,0,633,0,292,349,1,1,0,0,0,0,0,,,,,,,
//DST定義,(NULL),time,x,y,w,h,acc,a,r,g,b,blend,filter,angle,center,loop,timer,op1,op2,op3rotatepos
#DST_IMAGE,0,0,-292,115,292,349,2,0,255,255,255,1,0,0,0,500,0,0,0,0
#DST_IMAGE,0,500,23,115,292,349,2,255,255,255,255,1,0,0,0,,,,,



//LEFT PG NUMBER,,,,,,,,,,,,,,,,,,,,
//SRC定義,(null),gr,x,y,w,h,div_x,div_y,cycle,timer,num,align,keta,,,,,,,
#SRC_NUMBER,0,4,0,0,220,17,11,1,0,0,110,0,5,,,,,,,
//DST定義,(NULL),time,x,y,w,h,acc,a,r,g,b,blend,filter,angle,center,loop,timer,,,
#DST_NUMBER,0,600,188,161,20,17,0,0,255,255,255,1,1,0,0,800,0,,,
#DST_NUMBER,0,800,188,161,20,17,0,255,255,255,255,1,1,0,0,,,,,

//LEFT GR NUMBER,,,,,,,,,,,,,,,,,
//SRC定義,(null),gr,x,y,w,h,div_x,div_y,cycle,timer,num,align,keta,,,,
#SRC_NUMBER,0,4,0,0,220,17,11,1,0,0,111,0,5,,,,
//DST定義,(NULL),time,x,y,w,h,acc,a,r,g,b,blend,filter,angle,center,loop,timer
#DST_NUMBER,0,700,188,194,20,17,0,0,255,255,255,1,1,0,0,900,0
#DST_NUMBER,0,900,188,194,20,17,0,255,255,255,255,1,1,0,0,,

//LEFT GD NUMBER,,,,,,,,,,,,,,,,,
//SRC定義,(null),gr,x,y,w,h,div_x,div_y,cycle,timer,num,align,keta,,,,
#SRC_NUMBER,0,4,0,0,220,17,11,1,0,0,112,0,5,,,,
//DST定義,(NULL),time,x,y,w,h,acc,a,r,g,b,blend,filter,angle,center,loop,timer
#DST_NUMBER,0,800,188,227,20,17,0,0,255,255,255,1,1,0,0,1000,0
#DST_NUMBER,0,1000,188,227,20,17,0,255,255,255,255,1,1,0,0,,

//LEFT BD NUMBER,,,,,,,,,,,,,,,,,
//SRC定義,(null),gr,x,y,w,h,div_x,div_y,cycle,timer,num,align,keta,,,,
#SRC_NUMBER,0,4,0,0,220,17,11,1,0,0,113,0,5,,,,
//DST定義,(NULL),time,x,y,w,h,acc,a,r,g,b,blend,filter,angle,center,loop,timer
#DST_NUMBER,0,900,188,260,20,17,0,0,255,255,255,1,1,0,0,1100,0
#DST_NUMBER,0,1100,188,260,20,17,0,255,255,255,255,1,1,0,0,,

//LEFT PR NUMBER,,,,,,,,,,,,,,,,,
//SRC定義,(null),gr,x,y,w,h,div_x,div_y,cycle,timer,num,align,keta,,,,
#SRC_NUMBER,0,4,0,0,220,17,11,1,0,0,114,0,5,,,,
//DST定義,(NULL),time,x,y,w,h,acc,a,r,g,b,blend,filter,angle,center,loop,timer
#DST_NUMBER,0,1000,188,293,20,17,0,0,255,255,255,1,1,0,0,1200,0
#DST_NUMBER,0,1200,188,293,20,17,0,255,255,255,255,1,1,0,0,,


//LEFT ex score,,,,,,,,,,,,,,,
//SRC定義,(null),gr,x,y,w,h,div_x,div_y,cycle,timer,num,align,keta,,,,
#SRC_NUMBER,0,4,0,0,220,17,11,1,0,0,101,0,5,,,,
//DST定義,(NULL),time,x,y,w,h,acc,a,r,g,b,blend,filter,angle,center,loop,timer
#DST_NUMBER,0,1100,188,345,20,17,0,0,255,255,255,1,1,0,0,1300,0
#DST_NUMBER,0,1300,188,345,20,17,0,255,255,255,255,1,1,0,0,,




//LEFT max combo,,,,,,,,,,,,,,,
//SRC定義,(null),gr,x,y,w,h,div_x,div_y,cycle,timer,num,align,keta,,,,
#SRC_NUMBER,0,4,0,0,220,17,11,1,0,0,105,0,5,,,,
//DST定義,(NULL),time,x,y,w,h,acc,a,r,g,b,blend,filter,angle,center,loop,timer
#DST_NUMBER,0,1200,188,378,20,17,0,0,255,255,255,1,1,0,0,1400,0
#DST_NUMBER,0,1400,188,378,20,17,0,255,255,255,255,1,1,0,0,,



//LEFT rate,,,,,,,,,,,,,,,,
//SRC定義,(null),gr,x,y,w,h,div_x,div_y,cycle,timer,num,align,keta,,,,
#SRC_NUMBER,0,4,0,0,220,17,11,1,0,0,115,0,3,,,,
//DST定義,(NULL),time,x,y,w,h,acc,a,r,g,b,blend,filter,angle,center,loop,timer
#DST_NUMBER,0,1300,212,411,20,17,0,0,255,255,255,1,1,0,0,1500,0
#DST_NUMBER,0,1500,212,411,20,17,0,255,255,255,255,1,1,0,0,,








//RIGHT PG NUMBER,,,,,,,,,,,,,,,,,,,,
//SRC定義,(null),gr,x,y,w,h,div_x,div_y,cycle,timer,num,align,keta,,,,,,,
#SRC_NUMBER,0,4,0,0,220,17,11,1,0,0,130,0,5,,,,,,,
//DST定義,(NULL),time,x,y,w,h,acc,a,r,g,b,blend,filter,angle,center,loop,timer,,,
#DST_NUMBER,0,600,1131,161,20,17,0,0,255,255,255,1,1,0,0,800,0,,,
#DST_NUMBER,0,800,1131,161,20,17,0,255,255,255,255,1,1,0,0,,,,,

//RIGHT GR NUMBER,,,,,,,,,,,,,,,,,
//SRC定義,(null),gr,x,y,w,h,div_x,div_y,cycle,timer,num,align,keta,,,,
#SRC_NUMBER,0,4,0,0,220,17,11,1,0,0,131,0,5,,,,
//DST定義,(NULL),time,x,y,w,h,acc,a,r,g,b,blend,filter,angle,center,loop,timer
#DST_NUMBER,0,700,1131,194,20,17,0,0,255,255,255,1,1,0,0,900,0
#DST_NUMBER,0,900,1131,194,20,17,0,255,255,255,255,1,1,0,0,,

//RIGHT GD NUMBER,,,,,,,,,,,,,,,,,
//SRC定義,(null),gr,x,y,w,h,div_x,div_y,cycle,timer,num,align,keta,,,,
#SRC_NUMBER,0,4,0,0,220,17,11,1,0,0,132,0,5,,,,
//DST定義,(NULL),time,x,y,w,h,acc,a,r,g,b,blend,filter,angle,center,loop,timer
#DST_NUMBER,0,800,1131,227,20,17,0,0,255,255,255,1,1,0,0,1000,0
#DST_NUMBER,0,1000,1131,227,20,17,0,255,255,255,255,1,1,0,0,,

//RIGHT BD NUMBER,,,,,,,,,,,,,,,,,
//SRC定義,(null),gr,x,y,w,h,div_x,div_y,cycle,timer,num,align,keta,,,,
#SRC_NUMBER,0,4,0,0,220,17,11,1,0,0,133,0,5,,,,
//DST定義,(NULL),time,x,y,w,h,acc,a,r,g,b,blend,filter,angle,center,loop,timer
#DST_NUMBER,0,900,1131,260,20,17,0,0,255,255,255,1,1,0,0,1100,0
#DST_NUMBER,0,1100,1131,260,20,17,0,255,255,255,255,1,1,0,0,,

//RIGHT PR NUMBER,,,,,,,,,,,,,,,,,
//SRC定義,(null),gr,x,y,w,h,div_x,div_y,cycle,timer,num,align,keta,,,,
#SRC_NUMBER,0,4,0,0,220,17,11,1,0,0,134,0,5,,,,
//DST定義,(NULL),time,x,y,w,h,acc,a,r,g,b,blend,filter,angle,center,loop,timer
#DST_NUMBER,0,1000,1131,293,20,17,0,0,255,255,255,1,1,0,0,1200,0
#DST_NUMBER,0,1200,1131,293,20,17,0,255,255,255,255,1,1,0,0,,


//RIGHT  ex score,,,,,,,,,,,,,,,,,,,
//SRC定義,(null),gr,x,y,w,h,div_x,div_y,cycle,timer,num,align,keta,,,,
#SRC_NUMBER,0,4,0,0,220,17,11,1,0,0,121,0,5,,,,
//DST定義,(NULL),time,x,y,w,h,acc,a,r,g,b,blend,filter,angle,center,loop,timer
#DST_NUMBER,0,1100,1131,345,20,17,0,0,255,255,255,1,1,0,0,1300,0
#DST_NUMBER,0,1300,1131,345,20,17,0,255,255,255,255,1,1,0,0,,


//RIGHT  max combo,,,,,,,,,,,,,,,,,,,
//SRC定義,(null),gr,x,y,w,h,div_x,div_y,cycle,timer,num,align,keta,,,,
#SRC_NUMBER,0,4,0,0,220,17,11,1,0,0,125,0,5,,,,
//DST定義,(NULL),time,x,y,w,h,acc,a,r,g,b,blend,filter,angle,center,loop,timer
#DST_NUMBER,0,1200,1131,378,20,17,0,0,255,255,255,1,1,0,0,1400,0
#DST_NUMBER,0,1400,1131,378,20,17,0,255,255,255,255,1,1,0,0,,



//RIGHT  rate,,,,,,,,,,,,,,,,
//SRC定義,(null),gr,x,y,w,h,div_x,div_y,cycle,timer,num,align,keta,,,,
#SRC_NUMBER,0,4,0,0,220,17,11,1,0,0,135,0,3,,,,
//DST定義,(NULL),time,x,y,w,h,acc,a,r,g,b,blend,filter,angle,center,loop,timer
#DST_NUMBER,0,1300,1155,411,20,17,0,0,255,255,255,1,1,0,0,1500,0
#DST_NUMBER,0,1500,1155,411,20,17,0,255,255,255,255,1,1,0,0,,










//1P AAA option=300,,,,,,,,,,,,,,,,,,,,
//SRC定義,(NULL),gr,x,y,w,h,div_x,div_y,cycle,timer,op1,op2,op3,,,,,,,
#SRC_IMAGE,0,1,1,1,340,128,1,1,0,0,0,0,0,,,,,,,
//DST定義,(NULL),time,x,y,w,h,acc,a,r,g,b,blend,filter,angle,center,loop,timer,op1,op2,op3
#DST_IMAGE,0,900,8,471,340,128,2,0,255,255,255,1,0,0,0,1200,0,300,0,0
#DST_IMAGE,0,1200,8,471,340,128,2,255,255,255,255,1,0,,,,,,,

//1P AA option=301,,,,,,,,,,,,,,,,,,,,
//SRC定義,(NULL),gr,x,y,w,h,div_x,div_y,cycle,timer,op1,op2,op3,,,,,,,
#SRC_IMAGE,0,1,1,130,340,128,1,1,0,0,0,0,0,,,,,,,
//DST定義,(NULL),time,x,y,w,h,acc,a,r,g,b,blend,filter,angle,center,loop,timer,op1,op2,op3
#DST_IMAGE,0,900,8,471,340,128,2,0,255,255,255,1,0,0,0,1200,0,301,0,0
#DST_IMAGE,0,1200,8,471,340,128,2,255,255,255,255,1,0,,,,,,,

//1P A option=302,,,,,,,,,,,,,,,,,,,,
//SRC定義,(NULL),gr,x,y,w,h,div_x,div_y,cycle,timer,op1,op2,op3,,,,,,,
#SRC_IMAGE,0,1,1,259,340,128,1,1,0,0,0,0,0,,,,,,,
//DST定義,(NULL),time,x,y,w,h,acc,a,r,g,b,blend,filter,angle,center,loop,timer,op1,op2,op3
#DST_IMAGE,0,900,8,471,340,128,2,0,255,255,255,1,1,0,0,1200,0,302,0,0
#DST_IMAGE,0,1200,8,471,340,128,2,255,255,255,255,1,1,,,,,,,

//1P B option=303,,,,,,,,,,,,,,,,,,,,
//SRC定義,(NULL),gr,x,y,w,h,div_x,div_y,cycle,timer,op1,op2,op3,,,,,,,
#SRC_IMAGE,0,1,1,388,340,128,1,1,0,0,0,0,0,,,,,,,
//DST定義,(NULL),time,x,y,w,h,acc,a,r,g,b,blend,filter,angle,center,loop,timer,op1,op2,op3
#DST_IMAGE,0,900,8,471,340,128,2,0,255,255,255,1,1,0,0,1200,0,303,0,0
#DST_IMAGE,0,1200,8,471,340,128,2,255,255,255,255,1,1,,,,,,,

//1P C option=305,,,,,,,,,,,,,,,,,,,,
//SRC定義,(NULL),gr,x,y,w,h,div_x,div_y,cycle,timer,op1,op2,op3,,,,,,,
#SRC_IMAGE,0,1,1,517,340,128,1,1,0,0,0,0,0,,,,,,,
//DST定義,(NULL),time,x,y,w,h,acc,a,r,g,b,blend,filter,angle,center,loop,timer,op1,op2,op3
#DST_IMAGE,0,900,8,471,340,128,2,0,255,255,255,1,1,0,0,1200,0,304,0,0
#DST_IMAGE,0,1200,8,471,340,128,2,255,255,255,255,1,1,,,,,,,

//1P D option=306,,,,,,,,,,,,,,,,,,,,
//SRC定義,(NULL),gr,x,y,w,h,div_x,div_y,cycle,timer,op1,op2,op3,,,,,,,
#SRC_IMAGE,0,1,1,646,340,128,1,1,0,0,0,0,0,,,,,,,
//DST定義,(NULL),time,x,y,w,h,acc,a,r,g,b,blend,filter,angle,center,loop,timer,op1,op2,op3
#DST_IMAGE,0,900,8,471,340,128,2,0,255,255,255,1,1,0,0,1200,0,305,0,0
#DST_IMAGE,0,1200,8,471,340,128,2,255,255,255,255,1,1,,,,,,,

//1P E option=307,,,,,,,,,,,,,,,,,,,,
//SRC定義,(NULL),gr,x,y,w,h,div_x,div_y,cycle,timer,op1,op2,op3,,,,,,,
#SRC_IMAGE,0,1,1,776,340,128,1,1,0,0,0,0,0,,,,,,,
//DST定義,(NULL),time,x,y,w,h,acc,a,r,g,b,blend,filter,angle,center,loop,timer,op1,op2,op3
#DST_IMAGE,0,900,8,471,340,128,2,0,255,255,255,1,1,0,0,1200,0,306,0,0
#DST_IMAGE,0,1200,8,471,340,128,2,255,255,255,255,1,1,,,,,,,

//1P F option=308,,,,,,,,,,,,,,,,,,,,
//SRC定義,(NULL),gr,x,y,w,h,div_x,div_y,cycle,timer,op1,op2,op3,,,,,,,
#SRC_IMAGE,0,1,1,905,340,128,1,1,0,0,0,0,0,,,,,,,
//DST定義,(NULL),time,x,y,w,h,acc,a,r,g,b,blend,filter,angle,center,loop,timer,op1,op2,op3
#DST_IMAGE,0,900,8,471,340,128,2,0,255,255,255,1,1,0,0,1200,0,307,0,0
#DST_IMAGE,0,1200,8,471,340,128,2,255,255,255,255,1,1,,,,,,,





--------------------------2-



//1P AAA option=300,,,,,,,,,,,,,,,,,,,,
//SRC定義,(NULL),gr,x,y,w,h,div_x,div_y,cycle,timer,op1,op2,op3,,,,,,,
#SRC_IMAGE,0,1,344,1,399,128,1,1,0,0,0,0,0,,,,,,,
//DST定義,(NULL),time,x,y,w,h,acc,a,r,g,b,blend,filter,angle,center,loop,timer,op1,op2,op3
#DST_IMAGE,0,900,931,471,340,128,2,0,255,255,255,1,0,0,0,1200,0,310,0,0
#DST_IMAGE,0,1200,931,471,340,128,2,255,255,255,255,1,0,,,,,,,

//1P AA option=301,,,,,,,,,,,,,,,,,,,,
//SRC定義,(NULL),gr,x,y,w,h,div_x,div_y,cycle,timer,op1,op2,op3,,,,,,,
#SRC_IMAGE,0,1,1,130,340,128,1,1,0,0,0,0,0,,,,,,,
//DST定義,(NULL),time,x,y,w,h,acc,a,r,g,b,blend,filter,angle,center,loop,timer,op1,op2,op3
#DST_IMAGE,0,900,931,471,340,128,2,0,255,255,255,1,0,0,0,1200,0,311,0,0
#DST_IMAGE,0,1200,931,471,340,128,2,255,255,255,255,1,0,,,,,,,

//1P A option=302,,,,,,,,,,,,,,,,,,,,
//SRC定義,(NULL),gr,x,y,w,h,div_x,div_y,cycle,timer,op1,op2,op3,,,,,,,
#SRC_IMAGE,0,1,1,259,340,128,1,1,0,0,0,0,0,,,,,,,
//DST定義,(NULL),time,x,y,w,h,acc,a,r,g,b,blend,filter,angle,center,loop,timer,op1,op2,op3
#DST_IMAGE,0,900,931,471,340,128,2,0,255,255,255,1,1,0,0,1200,0,312,0,0
#DST_IMAGE,0,1200,931,471,340,128,2,255,255,255,255,1,1,,,,,,,

//1P B option=303,,,,,,,,,,,,,,,,,,,,
//SRC定義,(NULL),gr,x,y,w,h,div_x,div_y,cycle,timer,op1,op2,op3,,,,,,,
#SRC_IMAGE,0,1,1,388,340,128,1,1,0,0,0,0,0,,,,,,,
//DST定義,(NULL),time,x,y,w,h,acc,a,r,g,b,blend,filter,angle,center,loop,timer,op1,op2,op3
#DST_IMAGE,0,900,931,471,340,128,2,0,255,255,255,1,1,0,0,1200,0,313,0,0
#DST_IMAGE,0,1200,931,471,340,128,2,255,255,255,255,1,1,,,,,,,

//1P C option=305,,,,,,,,,,,,,,,,,,,,
//SRC定義,(NULL),gr,x,y,w,h,div_x,div_y,cycle,timer,op1,op2,op3,,,,,,,
#SRC_IMAGE,0,1,1,517,340,128,1,1,0,0,0,0,0,,,,,,,
//DST定義,(NULL),time,x,y,w,h,acc,a,r,g,b,blend,filter,angle,center,loop,timer,op1,op2,op3
#DST_IMAGE,0,900,931,471,340,128,2,0,255,255,255,1,1,0,0,1200,0,314,0,0
#DST_IMAGE,0,1200,931,471,340,128,2,255,255,255,255,1,1,,,,,,,

//1P D option=306,,,,,,,,,,,,,,,,,,,,
//SRC定義,(NULL),gr,x,y,w,h,div_x,div_y,cycle,timer,op1,op2,op3,,,,,,,
#SRC_IMAGE,0,1,1,646,340,128,1,1,0,0,0,0,0,,,,,,,
//DST定義,(NULL),time,x,y,w,h,acc,a,r,g,b,blend,filter,angle,center,loop,timer,op1,op2,op3
#DST_IMAGE,0,900,931,471,340,128,2,0,255,255,255,1,1,0,0,1200,0,315,0,0
#DST_IMAGE,0,1200,931,471,340,128,2,255,255,255,255,1,1,,,,,,,

//1P E option=307,,,,,,,,,,,,,,,,,,,,
//SRC定義,(NULL),gr,x,y,w,h,div_x,div_y,cycle,timer,op1,op2,op3,,,,,,,
#SRC_IMAGE,0,1,1,776,340,128,1,1,0,0,0,0,0,,,,,,,
//DST定義,(NULL),time,x,y,w,h,acc,a,r,g,b,blend,filter,angle,center,loop,timer,op1,op2,op3
#DST_IMAGE,0,900,931,471,340,128,2,0,255,255,255,1,1,0,0,1200,0,316,0,0
#DST_IMAGE,0,1200,931,471,340,128,2,255,255,255,255,1,1,,,,,,,

//1P F option=308,,,,,,,,,,,,,,,,,,,,
//SRC定義,(NULL),gr,x,y,w,h,div_x,div_y,cycle,timer,op1,op2,op3,,,,,,,
#SRC_IMAGE,0,1,1,905,340,128,1,1,0,0,0,0,0,,,,,,,
//DST定義,(NULL),time,x,y,w,h,acc,a,r,g,b,blend,filter,angle,center,loop,timer,op1,op2,op3
#DST_IMAGE,0,900,931,471,340,128,2,0,255,255,255,1,1,0,0,1200,0,317,0,0
#DST_IMAGE,0,1200,931,471,340,128,2,255,255,255,255,1,1,,,,,,,



#IF,900
/clear,,,,,,,,,,,,,,,,,,,
//SRC定義,(NULL),gr,x,y,w,h,div_x,div_y,cycle,timer,op1,op2,op3,,,,,,,
#SRC_IMAGE,0,0,0,554,328,54,1,1,0,0,0,0,0,,,,,,,
//DST定義,(NULL),time,x,y,w,h,acc,a,r,g,b,blend,filter,angle,center,loop,timer,op1,op2,op3
#DST_IMAGE,0,600,16,626,328,54,0,255,255,255,255,1,0,0,0,700,0,90,0,0
#DST_IMAGE,0,700,16,626,328,54,0,255,255,255,255,1,0,0,0,,,,,


/fail,,,,,,,,,,,,,,,,,,,,
//SRC定義,(NULL),gr,x,y,w,h,div_x,div_y,cycle,timer,op1,op2,op3,,,,,,,
#SRC_IMAGE,0,0,0,609,328,54,1,1,0,0,0,0,0,,,,,,,
//DST定義,(NULL),time,x,y,w,h,acc,a,r,g,b,blend,filter,angle,center,loop,timer,op1,op2,op3
#DST_IMAGE,0,600,16,626,328,54,0,255,255,255,255,1,0,0,0,700,0,91,0,0
#DST_IMAGE,0,700,16,626,328,54,0,255,255,255,255,1,0,0,0,,,,,

//bar
//SRC定義,(NULL),gr,x,y,w,h,div_x,div_y,cycle,timer,op1,op2,op3,,,,,,,
#SRC_IMAGE,0,110,0,0,1,1,1,1,0,0,0,0,0,,,,,,,
//DST定義,(NULL),time,x,y,w,h,acc,a,r,g,b,blend,filter,angle,center,loop,timer,op1,op2,op3
#DST_IMAGE,0,600,14,602,328,14,0,0,255,255,255,1,0,0,0,700,0,0,0,0
#DST_IMAGE,0,700,14,602,328,14,0,255,255,255,255,1,0,0,0,,,,,


/clear,,,,,,,,,,,,,,,,,,
//SRC定義,(NULL),gr,x,y,w,h,div_x,div_y,cycle,timer,op1,op2,op3,,,,,,,
#SRC_IMAGE,0,0,0,554,328,54,1,1,0,0,0,0,0,,,,,,,
//DST定義,(NULL),time,x,y,w,h,acc,a,r,g,b,blend,filter,angle,center,loop,timer,op1,op2,op3
#DST_IMAGE,0,600,942,626,328,54,0,255,255,255,255,1,0,0,0,700,0,90,11,0
#DST_IMAGE,0,700,942,626,328,54,0,255,255,255,255,1,0,0,0,,,,,



/fail,,,,,,,,,,,,,,,,,,,,
//SRC定義,(NULL),gr,x,y,w,h,div_x,div_y,cycle,timer,op1,op2,op3,,,,,,,
#SRC_IMAGE,0,0,0,609,328,54,1,1,0,0,0,0,0,,,,,,,
//DST定義,(NULL),time,x,y,w,h,acc,a,r,g,b,blend,filter,angle,center,loop,timer,op1,op2,op3
#DST_IMAGE,0,600,942,626,328,54,0,255,255,255,255,1,0,0,0,700,0,91,11,0
#DST_IMAGE,0,700,942,626,328,54,0,255,255,255,255,1,0,0,0,,,,,

//bar
//SRC定義,(NULL),gr,x,y,w,h,div_x,div_y,cycle,timer,op1,op2,op3,,,,,,,
#SRC_IMAGE,0,110,0,0,1,1,1,1,0,0,0,0,0,,,,,,,
//DST定義,(NULL),time,x,y,w,h,acc,a,r,g,b,blend,filter,angle,center,loop,timer,op1,op2,op3
#DST_IMAGE,0,600,940,602,328,14,0,0,255,255,255,1,0,0,0,700,0,0,11,0
#DST_IMAGE,0,700,940,602,328,14,0,255,255,255,255,1,0,0,0,,,,,



#ENDIF,

#IF,901

/clear,,,,,,,,,,,,,,,,,,,
//SRC定義,(NULL),gr,x,y,w,h,div_x,div_y,cycle,timer,op1,op2,op3,,,,,,,
#SRC_IMAGE,0,0,0,554,328,54,1,1,0,0,0,0,0,,,,,,,
//DST定義,(NULL),time,x,y,w,h,acc,a,r,g,b,blend,filter,angle,center,loop,timer,op1,op2,op3
#DST_IMAGE,0,600,16,626,328,54,0,255,255,255,255,1,0,0,0,800,0,90,11,0
#DST_IMAGE,0,800,16,626,328,54,0,255,255,255,255,1,0,0,0,,,,,


/fail,,,,,,,,,,,,,,,,,,,,
//SRC定義,(NULL),gr,x,y,w,h,div_x,div_y,cycle,timer,op1,op2,op3,,,,,,,
#SRC_IMAGE,0,0,0,609,328,54,1,1,0,0,0,0,0,,,,,,,
//DST定義,(NULL),time,x,y,w,h,acc,a,r,g,b,blend,filter,angle,center,loop,timer,op1,op2,op3
#DST_IMAGE,0,600,16,626,328,54,0,255,255,255,255,1,0,0,0,800,0,91,11,0
#DST_IMAGE,0,800,16,626,328,54,0,255,255,255,255,1,0,0,0,,,,,

//bar
//SRC定義,(NULL),gr,x,y,w,h,div_x,div_y,cycle,timer,op1,op2,op3,,,,,,,
#SRC_IMAGE,0,110,0,0,1,1,1,1,0,0,0,0,0,,,,,,,
//DST定義,(NULL),time,x,y,w,h,acc,a,r,g,b,blend,filter,angle,center,loop,timer,op1,op2,op3
#DST_IMAGE,0,500,14,602,328,14,0,0,255,255,255,1,0,0,0,700,0,0,11,0
#DST_IMAGE,0,700,14,602,328,14,0,255,255,255,255,1,0,0,0,,,,,




/clear,,,,,,,,,,,,,,,,,,
//SRC定義,(NULL),gr,x,y,w,h,div_x,div_y,cycle,timer,op1,op2,op3,,,,,,,
#SRC_IMAGE,0,0,0,554,328,54,1,1,0,0,0,0,0,,,,,,,
//DST定義,(NULL),time,x,y,w,h,acc,a,r,g,b,blend,filter,angle,center,loop,timer,op1,op2,op3
#DST_IMAGE,0,600,942,626,328,54,0,255,255,255,255,1,0,0,0,800,0,90,0,0
#DST_IMAGE,0,800,942,626,328,54,0,255,255,255,255,1,0,0,0,,,,,



/fail,,,,,,,,,,,,,,,,,,,,
//SRC定義,(NULL),gr,x,y,w,h,div_x,div_y,cycle,timer,op1,op2,op3,,,,,,,
#SRC_IMAGE,0,0,0,609,328,54,1,1,0,0,0,0,0,,,,,,,
//DST定義,(NULL),time,x,y,w,h,acc,a,r,g,b,blend,filter,angle,center,loop,timer,op1,op2,op3
#DST_IMAGE,0,600,942,626,328,54,0,255,255,255,255,1,0,0,0,800,0,91,0,0
#DST_IMAGE,0,800,942,626,328,54,0,255,255,255,255,1,0,0,0,,,,,

//bar
//SRC定義,(NULL),gr,x,y,w,h,div_x,div_y,cycle,timer,op1,op2,op3,,,,,,,
#SRC_IMAGE,0,110,0,0,1,1,1,1,0,0,0,0,0,,,,,,,
//DST定義,(NULL),time,x,y,w,h,acc,a,r,g,b,blend,filter,angle,center,loop,timer,op1,op2,op3
#DST_IMAGE,0,500,940,602,328,14,0,0,255,255,255,1,0,0,0,700,0,0,0,0
#DST_IMAGE,0,700,940,602,328,14,0,255,255,255,255,1,0,0,0,,,,,

#ENDIF,

/////////////////////////////////////////////////////
//曲リスト,

//枠1,//option580 コースstage数1以上 ,,,,,,,,,,,,,,,,,,,
//SRC定義,(NULL),gr,x,y,w,h,div_x,div_y,cycle,timer,op1,op2,op3,,,,,,,
#SRC_IMAGE,0,0,15,301,63,19,1,1,0,0,0,0,0,,,,,,,
//DST定義,(NULL),time,x,y,w,h,acc,a,r,g,b,blend,filter,angle,center,loop,timer,op1,op2,op3
#DST_IMAGE,0,100,410,170,63,19,2,255,255,255,255,1,0,0,0,400,0,580,0,0
#DST_IMAGE,0,400,410,170,63,19,2,255,255,255,255,1,0,0,0,,,,,

//枠2,//option581 コースstage数2以上 ,,,,,,,,,,,,,,,,,,,
//SRC定義,(NULL),gr,x,y,w,h,div_x,div_y,cycle,timer,op1,op2,op3,,,,,,,
#SRC_IMAGE,0,0,15,329,63,19,1,1,0,0,0,0,0,,,,,,,
//DST定義,(NULL),time,x,y,w,h,acc,a,r,g,b,blend,filter,angle,center,loop,timer,op1,op2,op3
#DST_IMAGE,0,150,410,198,63,19,2,255,255,255,255,1,0,0,0,450,0,581,0,0
#DST_IMAGE,0,450,410,198,63,19,2,255,255,255,255,1,0,0,0,,,,,

//枠3,//option582 コースstage数3以上 ,,,,,,,,,,,,,,,,,,,
//SRC定義,(NULL),gr,x,y,w,h,div_x,div_y,cycle,timer,op1,op2,op3,,,,,,,
#SRC_IMAGE,0,0,15,357,63,19,1,1,0,0,0,0,0,,,,,,,
//DST定義,(NULL),time,x,y,w,h,acc,a,r,g,b,blend,filter,angle,center,loop,timer,op1,op2,op3
#DST_IMAGE,0,200,410,226,63,19,2,255,255,255,255,1,0,0,0,500,0,582,0,0
#DST_IMAGE,0,500,410,226,63,19,2,255,255,255,255,1,0,0,0,,,,,

//枠4,//option583 コースstage数4以上 ,,,,,,,,,,,,,,,,,,,
//SRC定義,(NULL),gr,x,y,w,h,div_x,div_y,cycle,timer,op1,op2,op3,,,,,,,
#SRC_IMAGE,0,0,15,385,63,19,1,1,0,0,0,0,0,,,,,,,
//DST定義,(NULL),time,x,y,w,h,acc,a,r,g,b,blend,filter,angle,center,loop,timer,op1,op2,op3
#DST_IMAGE,0,250,410,254,63,19,2,255,255,255,255,1,0,0,0,550,0,583,0,0
#DST_IMAGE,0,550,410,254,63,19,2,255,255,255,255,1,0,0,0,,,,,

//枠5,//option584 コースstage数5以上 ,,,,,,,,,,,,,,,,,,,
//SRC定義,(NULL),gr,x,y,w,h,div_x,div_y,cycle,timer,op1,op2,op3,,,,,,,
#SRC_IMAGE,0,0,15,413,63,19,1,1,0,0,0,0,0,,,,,,,
//DST定義,(NULL),time,x,y,w,h,acc,a,r,g,b,blend,filter,angle,center,loop,timer,op1,op2,op3
#DST_IMAGE,0,300,410,282,63,19,2,255,255,255,255,1,0,0,0,600,0,584,0,0
#DST_IMAGE,0,600,410,282,63,19,2,255,255,255,255,1,0,0,0,,,,,





///////LEVEL,,,,,,,,,,,,,,,
//stage1,,,,,,,,,,,,,,,
//option700 コースstage1 difficulty未定義 ,,,,,,,,,,,,,,,
//option580 コースstage数1以上 ,,,,,,,,,,,,,,,
#IF,700,580,,,,,,,
//SRC定義,index,gr,x,y,w,h,div_x,div_y,cycle,timer,num,align,keta,,
#SRC_NUMBER,0,0,0,439,200,17,10,1,0,0,250,2,2,,

//option701 コースstage1 difficulty1 ,,,,,,,,,,,,,,,
#ELSEIF,701,580,,,,,,,,,
//SRC定義,index,gr,x,y,w,h,div_x,div_y,cycle,timer,num,align,keta,,
#SRC_NUMBER,0,0,0,456,200,17,10,1,0,0,250,2,2

//option702 コースstage1 difficulty2 ,,,,,,,,,,,,,
#ELSEIF,702,580,,,,,,,
//SRC定義,index,gr,x,y,w,h,div_x,div_y,cycle,timer,num,align,keta
#SRC_NUMBER,0,0,0,473,200,17,10,1,0,0,250,2,2

//option703 コースstage1 difficulty3 ,,,,,,,,,,,,,
#ELSEIF,703,580,,,,,,
//SRC定義,index,gr,x,y,w,h,div_x,div_y,cycle,timer,num,align,keta
#SRC_NUMBER,0,0,0,490,200,17,10,1,0,0,250,2,2

//option704 コースstage1 difficulty4 ,,,,,,,,,,,,,
#ELSEIF,704,580,,,,,,
//SRC定義,index,gr,x,y,w,h,div_x,div_y,cycle,timer,num,align,keta
#SRC_NUMBER,0,0,0,507,200,17,10,1,0,0,250,2,2

//option705 コースstage1 difficulty5 ,,,,,,,,,,,,,,,,,,,,
#ELSEIF,705,580,,,,,,,,,,,,,,
//SRC定義,index,gr,x,y,w,h,div_x,div_y,cycle,timer,num,align,keta,,,,,,,
#SRC_NUMBER,0,0,0,524,200,17,10,1,0,0,250,2,2,,,,,,,

#ENDIF,,,,,,,,,,,,,,,,,,,,

#IF,580,,,,,,,,,,,,,,
//DST定義,(NULL),time,x,y,w,h,acc,a,r,g,b,blend,filter,angle,center,loop,timer,op1,op2,op3
#DST_NUMBER,0,100,485,171,20,17,2,255,255,255,255,1,0,0,0,400,0,0,0,0
#DST_NUMBER,0,400,485,171,20,17,2,255,255,255,255,1,0,0,0,,,,,
#ENDIF,,,,,,,,,,,,,,,,,,,,


//stage2,,,,,,,,,,,,,,,,,,,,
//option710 コースstage2 difficulty未定義 ,,,,,,,,,,,,,
//option581 コースstage数2以上 ,,,,,,,,,,,,,
#IF,710,581,,,,,
//SRC定義,index,gr,x,y,w,h,div_x,div_y,cycle,timer,num,align,keta
#SRC_NUMBER,0,0,0,439,200,17,10,1,0,0,251,2,2

//option711 コースstage2 difficulty1 ,,,,,,,,,,,,,
#ELSEIF,711,581,,,,,
//SRC定義,index,gr,x,y,w,h,div_x,div_y,cycle,timer,num,align,keta
#SRC_NUMBER,0,0,0,456,200,17,10,1,0,0,251,2,2

//option712 コースstage2 difficulty2 ,,,,,,,,,,,,,
#ELSEIF,712,581,,,,,,,
//SRC定義,index,gr,x,y,w,h,div_x,div_y,cycle,timer,num,align,keta
#SRC_NUMBER,0,0,0,473,200,17,10,1,0,0,251,2,2

//option713 コースstage2 difficulty3 ,,,,,,,,,,,,,
#ELSEIF,713,581,,,,,,,
//SRC定義,index,gr,x,y,w,h,div_x,div_y,cycle,timer,num,align,keta
#SRC_NUMBER,0,0,0,490,200,17,10,1,0,0,251,2,2

//option714 コースstage2 difficulty4 ,,,,,,,,,,,,,
#ELSEIF,714,581,,,,,,,
//SRC定義,index,gr,x,y,w,h,div_x,div_y,cycle,timer,num,align,keta
#SRC_NUMBER,0,0,0,507,200,17,10,1,0,0,251,2,2

//option715 コースstage2 difficulty5 ,,,,,,,,,,,,,
#ELSEIF,715,581,,,,,,,,
//SRC定義,index,gr,x,y,w,h,div_x,div_y,cycle,timer,num,align,keta
#SRC_NUMBER,0,0,0,524,200,17,10,1,0,0,251,2,2

#ENDIF,,,,,,,,,,,,,

#IF,581,,,,,,,,,,,,,,,
//DST定義,(NULL),time,x,y,w,h,acc,a,r,g,b,blend,filter,angle,center,loop,timer,op1,op2,op3
#DST_NUMBER,0,150,485,199,20,17,2,255,255,255,255,1,0,0,0,450,0,0,0,0
#DST_NUMBER,0,450,485,199,20,17,2,255,255,255,255,1,0,0,0,,,,,
#ENDIF,,,,,,,,,,,,,,,,,,,,


//stage3,,,,,,,,,,,,,,,,,,,,
//option720 コースstage3 difficulty未定義 ,,,,,,,,,,,,,,,,,,,,
//option582 コースstage数3以上 ,,,,,,,,,,,,,,,,,,,,
#IF,720,582,,,,,,,,,,,,,,
//SRC定義,index,gr,x,y,w,h,div_x,div_y,cycle,timer,num,align,keta,,,,,,,
#SRC_NUMBER,0,0,0,439,200,17,10,1,0,0,252,2,2,,,,,,,

//option721 コースstage3 difficulty1 ,,,,,,,,,,,,,,,,,,,,
#ELSEIF,721,582,,,,,,,,,
//SRC定義,index,gr,x,y,w,h,div_x,div_y,cycle,timer,num,align,keta
#SRC_NUMBER,0,0,0,456,200,17,10,1,0,0,252,2,2

//option722 コースstage3 difficulty2 ,,,,,,,,,,,,,
#ELSEIF,722,582,,,,,,,,
//SRC定義,index,gr,x,y,w,h,div_x,div_y,cycle,timer,num,align,keta
#SRC_NUMBER,0,0,0,473,200,17,10,1,0,0,252,2,2

//option723 コースstage3 difficulty3 ,,,,,,,,,,,,,
#ELSEIF,723,582,,,,,,
//SRC定義,index,gr,x,y,w,h,div_x,div_y,cycle,timer,num,align,keta
#SRC_NUMBER,0,0,0,490,200,17,10,1,0,0,252,2,2

//option724 コースstage3 difficulty4 ,,,,,,,,,,,,,
#ELSEIF,724,582,,,,,,
//SRC定義,index,gr,x,y,w,h,div_x,div_y,cycle,timer,num,align,keta,,,,,,,
#SRC_NUMBER,0,0,0,507,200,17,10,1,0,0,252,2,2,,,,,,,

//option725 コースstage3 difficulty5 ,,,,,,,,,,,,,,,,,,,,
#ELSEIF,725,582,,,,,,,,,,,,,,,
//SRC定義,index,gr,x,y,w,h,div_x,div_y,cycle,timer,num,align,keta,,,,,,,
#SRC_NUMBER,0,0,0,524,200,17,10,1,0,0,252,2,2,,,,,,,

#ENDIF,,,,,,,,,,,,,,,,,,,,

#IF,582,,,,,,,,,,,,,,,
//DST定義,(NULL),time,x,y,w,h,acc,a,r,g,b,blend,filter,angle,center,loop,timer,op1,op2,op3
#DST_NUMBER,0,200,485,227,20,17,2,255,255,255,255,1,0,0,0,500,0,0,0,0
#DST_NUMBER,0,500,485,227,20,17,2,255,255,255,255,1,0,0,0,,,,,
#ENDIF,,,,,,,,,,,,,,,,,,,,


//stage4,,,,,,,,,,,,,
//option730 コースstage4 difficulty未定義 ,,,,,,,,,,,,,
//option583 コースstage数4以上 ,,,,,,,,,,,,,
#IF,730,583,,,,,
//SRC定義,index,gr,x,y,w,h,div_x,div_y,cycle,timer,num,align,keta
#SRC_NUMBER,0,0,0,439,200,17,10,1,0,0,253,2,2

//option731 コースstage4 difficulty1 ,,,,,,,,,,,,,
#ELSEIF,731,583,,,
//SRC定義,index,gr,x,y,w,h,div_x,div_y,cycle,timer,num,align,keta
#SRC_NUMBER,0,0,0,456,200,17,10,1,0,0,253,2,2

//option732 コースstage4 difficulty2 ,,,,,,,,,,,,,
#ELSEIF,732,583,,,,,,,,
//SRC定義,index,gr,x,y,w,h,div_x,div_y,cycle,timer,num,align,keta
#SRC_NUMBER,0,0,0,473,200,17,10,1,0,0,253,2,2

//option733 コースstage4 difficulty3 ,,,,,,,,,,,,,
#ELSEIF,733,583,,,,,,,,,
//SRC定義,index,gr,x,y,w,h,div_x,div_y,cycle,timer,num,align,keta
#SRC_NUMBER,0,0,0,490,200,17,10,1,0,0,253,2,2

//option734 コースstage4 difficulty4 ,,,,,,,,,,,,,
#ELSEIF,734,583,,,,,,
//SRC定義,index,gr,x,y,w,h,div_x,div_y,cycle,timer,num,align,keta
#SRC_NUMBER,0,0,0,507,200,17,10,1,0,0,253,2,2

//option735 コースstage4 difficulty5 ,,,,,,,,,,,,,
#ELSEIF,735,583,,,,
//SRC定義,index,gr,x,y,w,h,div_x,div_y,cycle,timer,num,align,keta
#SRC_NUMBER,0,0,0,524,200,17,10,1,0,0,253,2,2

#ENDIF,,,,,,,,,,,,,,,,,,,,

#IF,583,,,,,,,,,,,,,
//DST定義,(NULL),time,x,y,w,h,acc,a,r,g,b,blend,filter,angle,center,loop,timer,op1,op2,op3
#DST_NUMBER,0,250,485,255,20,17,2,255,255,255,255,1,0,0,0,550,0,0,0,0
#DST_NUMBER,0,550,485,255,20,17,2,255,255,255,255,1,0,0,0,,,,,
#ENDIF,,,,,,,,,,,,,,,,,,,,


//stage5,,,,,,,,,,,,,,,,,,,,
//option740 コースstage5 difficulty未定義 ,,,,,,,,,,,,,,,,,,,,
//option584 コースstage数5以上 ,,,,,,,,,,,,,,,,,,,,
#IF,740,584,,,,,,,,,,,,,
//SRC定義,index,gr,x,y,w,h,div_x,div_y,cycle,timer,num,align,keta,,,,,,,
#SRC_NUMBER,0,0,0,439,200,17,10,1,0,0,254,2,2,,,,,,,

//option741 コースstage5 difficulty1 ,,,,,,,,,,,,,
#ELSEIF,741,584,,,,,,,
//SRC定義,index,gr,x,y,w,h,div_x,div_y,cycle,timer,num,align,keta
#SRC_NUMBER,0,0,0,456,200,17,10,1,0,0,254,2,2

//option742 コースstage5 difficulty2 ,,,,,,,,,,,,,
#ELSEIF,742,584,,,,,,,,,
//SRC定義,index,gr,x,y,w,h,div_x,div_y,cycle,timer,num,align,keta
#SRC_NUMBER,0,0,0,473,200,17,10,1,0,0,254,2,2

//option743 コースstage5 difficulty3 ,,,,,,,,,,,,,
#ELSEIF,743,584,,,,,,,
//SRC定義,index,gr,x,y,w,h,div_x,div_y,cycle,timer,num,align,keta
#SRC_NUMBER,0,0,0,490,200,17,10,1,0,0,254,2,2

//option744 コースstage5 difficulty4 ,,,,,,,,,,,,,,,,,,,,
#ELSEIF,744,584,,,,,,,,,,,,,
//SRC定義,index,gr,x,y,w,h,div_x,div_y,cycle,timer,num,align,keta,,,,,,,
#SRC_NUMBER,0,0,0,507,200,17,10,1,0,0,254,2,2,,,,,,,

//option745 コースstage5 difficulty5 ,,,,,,,,,,,,,,,,,,,,
#ELSEIF,745,584,,,,,,,,,,,,,,,,
//SRC定義,index,gr,x,y,w,h,div_x,div_y,cycle,timer,num,align,keta,,,,,,,
#SRC_NUMBER,0,0,0,524,200,17,10,1,0,0,254,2,2,,,,,,,

#ENDIF,,,,,,,,,,,,,,,,,,,,

#IF,584,,,,,,,,,,,,,
//DST定義,(NULL),time,x,y,w,h,acc,a,r,g,b,blend,filter,angle,center,loop,timer,op1,op2,op3
#DST_NUMBER,0,300,485,283,20,17,2,255,255,255,255,1,0,0,0,600,0,0,0,0
#DST_NUMBER,0,600,485,283,20,17,2,255,255,255,255,1,0,0,0,,,,,
#ENDIF,,,,,,,,,,,,,,,,,,,,

////コース曲目表示  

//SRC定義,(null),font,st,align,,,,,,,,,,,,,,,,
#SRC_TEXT,0,1,150,0,,,,,,,,,,,,,,,,
//DST定義,index,time,x,y,w,size,acc,a,r,g,b,blend,filter,(NULL),(NULL),loop,timer,(NULL),(NULL),(NULL)
#DST_TEXT,0,300,538,162,330,34,0,0,255,255,255,1,1,0,0,600,0,0,0,0
#DST_TEXT,0,600,538,162,330,34,0,255,255,255,255,1,1,0,0,,,,,

//SRC定義,(null),font,st,align,,,,,,,,,,,,,,,,
#SRC_TEXT,0,1,151,0,,,,,,,,,,,,,,,,
//DST定義,index,time,x,y,w,size,acc,a,r,g,b,blend,filter,(NULL),(NULL),loop,timer,(NULL),(NULL),(NULL)
#DST_TEXT,0,300,538,190,330,34,0,0,255,255,255,1,1,0,0,600,0,0,0,0
#DST_TEXT,0,600,538,190,330,34,0,255,255,255,255,1,1,0,0,,,,,

//SRC定義,(null),font,st,align,,,,,,,,,,,,,,,,
#SRC_TEXT,0,1,152,0,,,,,,,,,,,,,,,,
//DST定義,index,time,x,y,w,size,acc,a,r,g,b,blend,filter,(NULL),(NULL),loop,timer,(NULL),(NULL),(NULL)
#DST_TEXT,0,300,538,218,330,34,0,0,255,255,255,1,1,0,0,600,0,0,0,0
#DST_TEXT,0,600,538,218,330,34,0,255,255,255,255,1,1,0,0,,,,,

//SRC定義,(null),font,st,align,,,,,,,,,,,,,,,,
#SRC_TEXT,0,1,153,0,,,,,,,,,,,,,,,,
//DST定義,index,time,x,y,w,size,acc,a,r,g,b,blend,filter,(NULL),(NULL),loop,timer,(NULL),(NULL),(NULL)
#DST_TEXT,0,300,538,246,330,34,0,0,255,255,255,1,1,0,0,600,0,0,0,0
#DST_TEXT,0,600,538,246,330,34,0,255,255,255,255,1,1,0,0,,,,,

//SRC定義,(null),font,st,align,,,,,,,,,,,,,,,,
#SRC_TEXT,0,1,154,0,,,,,,,,,,,,,,,,
//DST定義,index,time,x,y,w,size,acc,a,r,g,b,blend,filter,(NULL),(NULL),loop,timer,(NULL),(NULL),(NULL)
#DST_TEXT,0,300,538,274,330,34,0,0,255,255,255,1,1,0,0,600,0,0,0,0
#DST_TEXT,0,600,538,274,330,34,0,255,255,255,255,1,1,0,0,,,,,



/////////////////////////////////////////////,,,,,,,,,
////////////////////////////,,,,,,,,,
//フェードアウト
//SRC定義,(NULL),gr,x,y,w,h,div_x,div_y,cycle,timer,op1,op2,op3,,,,,,,
#SRC_IMAGE,0,110,0,0,1,1,1,1,0,0,0,0,0,,,,,,,
//DST定義,(NULL),time,x,y,w,h,acc,a,r,g,b,blend,filter,angle,center,loop,timer,op1,op2,op3
#DST_IMAGE,0,0,0,0,1280,720,1,0,255,255,255,1,0,0,0,300,152,0,0,0
#DST_IMAGE,0,300,0,0,1280,720,1,120,255,255,255,1,0,0,0,,,,,

//ハイスコアフレーム,,,,,,,,,,,,,,,,,,,,
//SRC定義,(NULL),gr,x,y,w,h,div_x,div_y,cycle,timer,op1,op2,op3,,,,,,,
#SRC_IMAGE,0,0,634,391,377,189,1,1,0,0,0,0,0,,,,,,,
//DST定義,(NULL),time,x,y,w,h,acc,a,r,g,b,blend,filter,angle,center,loop,timer,op1,op2,op3 158
#DST_IMAGE,0,0,452,352,377,0,2,255,255,255,255,0,0,0,0,300,152,0,0,0
#DST_IMAGE,0,300,452,265,377,189,2,255,255,255,255,0,0,0,0,,,,,



//ex score 更新前,,,,,,,,,,,,,,,,,,,,
//SRC定義,(null),gr,x,y,w,h,div_x,div_y,cycle,timer,num,align,keta,,,,,,,
#SRC_NUMBER,0,0,236,442,132,11,11,1,0,0,170,0,5,,,,,,,
//DST定義,(NULL),time,x,y,w,h,acc,a,r,g,b,blend,filter,angle,center,loop,timer,,,
#DST_NUMBER,0,300,655,338,12,11,0,0,255,255,255,0,0,0,0,400,152,,,
#DST_NUMBER,0,400,655,338,12,11,0,255,255,255,255,0,0,0,0,,,,,

//ex score 更新,,,,,,,,,,,,,,,,,,,,
//SRC定義,(null),gr,x,y,w,h,div_x,div_y,cycle,timer,num,align,keta,,,,,,,
#SRC_NUMBER,0,0,236,442,132,11,11,1,0,0,171,0,5,,,,,,,
//DST定義,(NULL),time,x,y,w,h,acc,a,r,g,b,blend,filter,angle,center,loop,timer,,,
#DST_NUMBER,0,300,740,338,12,11,0,0,255,255,255,0,0,0,0,400,152,,,
#DST_NUMBER,0,400,740,338,12,11,0,255,255,255,255,0,0,0,0,,

//maxcombo 更新前,,,,,,,,,,,,,,,,,
//SRC定義,(null),gr,x,y,w,h,div_x,div_y,cycle,timer,num,align,keta,,,,
#SRC_NUMBER,0,0,236,442,132,11,11,1,0,0,173,0,5,,,,
//DST定義,(NULL),time,x,y,w,h,acc,a,r,g,b,blend,filter,angle,center,loop,timer
#DST_NUMBER,0,300,655,365,12,11,0,0,255,255,255,0,0,0,0,400,152
#DST_NUMBER,0,400,655,365,12,11,0,255,255,255,255,0,0,0,0,,

//maxcombo 更新,,,,,,,,,,,,,,,,,
//SRC定義,(null),gr,x,y,w,h,div_x,div_y,cycle,timer,num,align,keta,,,,
#SRC_NUMBER,0,0,236,442,132,11,11,1,0,0,174,0,5,,,,
//DST定義,(NULL),time,x,y,w,h,acc,a,r,g,b,blend,filter,angle,center,loop,timer
#DST_NUMBER,0,300,740,365,12,11,0,0,255,255,255,0,0,0,0,400,152
#DST_NUMBER,0,400,740,365,12,11,0,255,255,255,255,0,0,0,0,,

//minbp 更新前,,,,,,,,,,,,,,,,,
//SRC定義,(null),gr,x,y,w,h,div_x,div_y,cycle,timer,num,align,keta,,,,
#SRC_NUMBER,0,0,236,442,132,11,11,1,0,0,176,0,5,,,,
//DST定義,(NULL),time,x,y,w,h,acc,a,r,g,b,blend,filter,angle,center,loop,timer
#DST_NUMBER,0,300,655,394,12,11,0,0,255,255,255,0,0,0,0,400,152
#DST_NUMBER,0,400,655,394,12,11,0,255,255,255,255,0,0,0,0,,

//minbp更新,,,,,,,,,,,,,,,,,
//SRC定義,(null),gr,x,y,w,h,div_x,div_y,cycle,timer,num,align,keta,,,,
#SRC_NUMBER,0,0,236,442,132,11,11,1,0,0,177,0,5,,,,
//DST定義,(NULL),time,x,y,w,h,acc,a,r,g,b,blend,filter,angle,center,loop,timer
#DST_NUMBER,0,300,740,394,12,11,0,0,255,255,255,0,0,0,0,400,152
#DST_NUMBER,0,400,740,394,12,11,0,255,255,255,255,0,0,0,0,,

//IR 順位,,,,,,,,,,,,,,,,,
//SRC定義,(null),gr,x,y,w,h,div_x,div_y,cycle,timer,num,align,keta,,,,
#SRC_NUMBER,0,0,236,442,132,11,11,1,0,0,179,0,5,,,,
//DST定義,(NULL),time,x,y,w,h,acc,a,r,g,b,blend,filter,angle,center,loop,timer
#DST_NUMBER,0,300,655,422,12,11,0,0,255,255,255,0,0,0,0,400,152
#DST_NUMBER,0,400,655,422,12,11,0,255,255,255,255,0,0,0,0,,

//IR プレイヤー数,,,,,,,,,,,,,,,,,
//SRC定義,(null),gr,x,y,w,h,div_x,div_y,cycle,timer,num,align,keta,,,,
#SRC_NUMBER,0,0,236,442,132,11,11,1,0,0,180,0,5,,,,
//DST定義,(NULL),time,x,y,w,h,acc,a,r,g,b,blend,filter,angle,center,loop,timer
#DST_NUMBER,0,300,740,422,12,11,0,0,255,255,255,0,0,0,0,400,152
#DST_NUMBER,0,400,740,422,12,11,0,255,255,255,255,0,0,0,0,,

//AAA 更新前,,,,,,,,,,,,,,,,,
//SRC定義,(null),gr,x,y,w,h,div_x,div_y,cycle,timer,op1,op2,op3,,,,
#SRC_IMAGE,0,0,501,0,120,39,1,1,0,0,0,0,0,,,,
//DST定義,(NULL),time,x,y,w,h,acc,a,r,g,b,blend,filter,angle,center,loop,timer
#DST_IMAGE,0,300,505,284,120,39,0,0,255,255,255,2,0,0,0,400,152,320
#DST_IMAGE,0,400,505,284,120,39,0,255,255,255,255,2,0,0,0,,,

//AA 更新前,,,,,,,,,,,,,,,,,,
//SRC定義,(null),gr,x,y,w,h,div_x,div_y,cycle,timer,op1,op2,op3,,,,,
#SRC_IMAGE,0,0,501,39,120,39,1,1,0,0,0,0,0,,,,,
//DST定義,(NULL),time,x,y,w,h,acc,a,r,g,b,blend,filter,angle,center,loop,timer,
#DST_IMAGE,0,300,505,284,120,39,0,0,255,255,255,2,0,0,0,400,152,321
#DST_IMAGE,0,400,505,284,120,39,0,255,255,255,255,2,0,0,0,,,

//A 更新前,,,,,,,,,,,,,,,,,,
//SRC定義,(null),gr,x,y,w,h,div_x,div_y,cycle,timer,op1,op2,op3,,,,,
#SRC_IMAGE,0,0,501,78,120,39,1,1,0,0,0,0,0,,,,,
//DST定義,(NULL),time,x,y,w,h,acc,a,r,g,b,blend,filter,angle,center,loop,timer,
#DST_IMAGE,0,300,505,284,120,39,0,0,255,255,255,2,0,0,0,400,152,322
#DST_IMAGE,0,400,505,284,120,39,0,255,255,255,255,2,0,0,0,,,

//B 更新前,,,,,,,,,,,,,,,,,,
//SRC定義,(null),gr,x,y,w,h,div_x,div_y,cycle,timer,op1,op2,op3,,,,,
#SRC_IMAGE,0,0,501,117,120,39,1,1,0,0,0,0,0,,,,,
//DST定義,(NULL),time,x,y,w,h,acc,a,r,g,b,blend,filter,angle,center,loop,timer,
#DST_IMAGE,0,300,505,284,120,39,0,0,255,255,255,2,0,0,0,400,152,323
#DST_IMAGE,0,400,505,284,120,39,0,255,255,255,255,2,0,0,0,,,

//C 更新前,,,,,,,,,,,,,,,,,,
//SRC定義,(null),gr,x,y,w,h,div_x,div_y,cycle,timer,op1,op2,op3,,,,,
#SRC_IMAGE,0,0,501,156,120,39,1,1,0,0,0,0,0,,,,,
//DST定義,(NULL),time,x,y,w,h,acc,a,r,g,b,blend,filter,angle,center,loop,timer,
#DST_IMAGE,0,300,505,284,120,39,0,0,255,255,255,2,0,0,0,400,152,324
#DST_IMAGE,0,400,505,284,120,39,0,255,255,255,255,2,0,0,0,,,

//D 更新前,,,,,,,,,,,,,,,,,,
//SRC定義,(null),gr,x,y,w,h,div_x,div_y,cycle,timer,op1,op2,op3,,,,,
#SRC_IMAGE,0,0,501,195,120,39,1,1,0,0,0,0,0,,,,,
//DST定義,(NULL),time,x,y,w,h,acc,a,r,g,b,blend,filter,angle,center,loop,timer,
#DST_IMAGE,0,300,505,284,120,39,0,0,255,255,255,2,0,0,0,400,152,325
#DST_IMAGE,0,400,505,284,120,39,0,255,255,255,255,2,0,0,0,,,

//E 更新前,,,,,,,,,,,,,,,,,,
//SRC定義,(null),gr,x,y,w,h,div_x,div_y,cycle,timer,op1,op2,op3,,,,,
#SRC_IMAGE,0,0,501,234,120,39,1,1,0,0,0,0,0,,,,,
//DST定義,(NULL),time,x,y,w,h,acc,a,r,g,b,blend,filter,angle,center,loop,timer,
#DST_IMAGE,0,300,505,284,120,39,0,0,255,255,255,2,0,0,0,400,152,326
#DST_IMAGE,0,400,505,284,120,39,0,255,255,255,255,2,0,0,0,,,

//F 更新前,,,,,,,,,,,,,,,,,,
//SRC定義,(null),gr,x,y,w,h,div_x,div_y,cycle,timer,op1,op2,op3,,,,,
#SRC_IMAGE,0,0,501,273,120,39,1,1,0,0,0,0,0,,,,,
//DST定義,(NULL),time,x,y,w,h,acc,a,r,g,b,blend,filter,angle,center,loop,timer,
#DST_IMAGE,0,300,505,284,120,39,0,0,255,255,255,2,0,0,0,400,152,327
#DST_IMAGE,0,400,505,284,120,39,0,255,255,255,255,2,0,0,0,,,

//AAA 更新,,,,,,,,,,,,,,,,,,
//SRC定義,(null),gr,x,y,w,h,div_x,div_y,cycle,timer,op1,op2,op3,,,,,
#SRC_IMAGE,0,0,501,0,120,39,1,1,0,0,0,0,0,,,,,
//DST定義,(NULL),time,x,y,w,h,acc,a,r,g,b,blend,filter,angle,center,loop,timer,
#DST_IMAGE,0,300,665,284,120,39,0,0,255,255,255,2,0,0,0,400,152,340
#DST_IMAGE,0,400,665,284,120,39,0,255,255,255,255,2,0,0,0,,,

//AA 更新,,,,,,,,,,,,,,,,,,
//SRC定義,(null),gr,x,y,w,h,div_x,div_y,cycle,timer,op1,op2,op3,,,,,
#SRC_IMAGE,0,0,501,39,120,39,1,1,0,0,0,0,0,,,,,
//DST定義,(NULL),time,x,y,w,h,acc,a,r,g,b,blend,filter,angle,center,loop,timer,
#DST_IMAGE,0,300,665,284,120,39,0,0,255,255,255,2,0,0,0,400,152,341
#DST_IMAGE,0,400,665,284,120,39,0,255,255,255,255,2,0,0,0,,,

//A 更新,,,,,,,,,,,,,,,,,,
//SRC定義,(null),gr,x,y,w,h,div_x,div_y,cycle,timer,op1,op2,op3,,,,,
#SRC_IMAGE,0,0,501,78,120,39,1,1,0,0,0,0,0,,,,,
//DST定義,(NULL),time,x,y,w,h,acc,a,r,g,b,blend,filter,angle,center,loop,timer,
#DST_IMAGE,0,300,665,284,120,39,0,0,255,255,255,2,0,0,0,400,152,342
#DST_IMAGE,0,400,665,284,120,39,0,255,255,255,255,2,0,0,0,,,

//B 更新,,,,,,,,,,,,,,,,,,
//SRC定義,(null),gr,x,y,w,h,div_x,div_y,cycle,timer,op1,op2,op3,,,,,
#SRC_IMAGE,0,0,501,117,120,39,1,1,0,0,0,0,0,,,,,
//DST定義,(NULL),time,x,y,w,h,acc,a,r,g,b,blend,filter,angle,center,loop,timer,
#DST_IMAGE,0,300,665,284,120,39,0,0,255,255,255,2,0,0,0,400,152,343
#DST_IMAGE,0,400,665,284,120,39,0,255,255,255,255,2,0,0,0,,,

//C 更新,,,,,,,,,,,,,,,,,,
//SRC定義,(null),gr,x,y,w,h,div_x,div_y,cycle,timer,op1,op2,op3,,,,,
#SRC_IMAGE,0,0,501,156,120,39,1,1,0,0,0,0,0,,,,,
//DST定義,(NULL),time,x,y,w,h,acc,a,r,g,b,blend,filter,angle,center,loop,timer,
#DST_IMAGE,0,300,665,284,120,39,0,0,255,255,255,2,0,0,0,400,152,344
#DST_IMAGE,0,400,665,284,120,39,0,255,255,255,255,2,0,0,0,,,

//D 更新,,,,,,,,,,,,,,,,,,
//SRC定義,(null),gr,x,y,w,h,div_x,div_y,cycle,timer,op1,op2,op3,,,,,
#SRC_IMAGE,0,0,501,195,120,39,1,1,0,0,0,0,0,,,,,
//DST定義,(NULL),time,x,y,w,h,acc,a,r,g,b,blend,filter,angle,center,loop,timer,
#DST_IMAGE,0,300,665,284,120,39,0,0,255,255,255,2,0,0,0,400,152,345
#DST_IMAGE,0,400,665,284,120,39,0,255,255,255,255,2,0,0,0,,,

//E 更新,,,,,,,,,,,,,,,,,,
//SRC定義,(null),gr,x,y,w,h,div_x,div_y,cycle,timer,op1,op2,op3,,,,,
#SRC_IMAGE,0,0,501,234,120,39,1,1,0,0,0,0,0,,,,,
//DST定義,(NULL),time,x,y,w,h,acc,a,r,g,b,blend,filter,angle,center,loop,timer,
#DST_IMAGE,0,300,665,284,120,39,0,0,255,255,255,2,0,0,0,400,152,346
#DST_IMAGE,0,400,665,284,120,39,0,255,255,255,255,2,0,0,0,,,

//F 更新,,,,,,,,,,,,,,,,,,
//SRC定義,(null),gr,x,y,w,h,div_x,div_y,cycle,timer,op1,op2,op3,,,,,
#SRC_IMAGE,0,0,501,273,120,39,1,1,0,0,0,0,0,,,,,
//DST定義,(NULL),time,x,y,w,h,acc,a,r,g,b,blend,filter,angle,center,loop,timer,
#DST_IMAGE,0,300,665,284,120,39,0,0,255,255,255,2,0,0,0,400,152,347
#DST_IMAGE,0,400,665,284,120,39,0,255,255,255,255,2,0,0,0,,,






//ir informatiln st = 20,,,,,,,,,,,,,,,,,,,,
//SRC定義,(NULL),font,st,align,edit,,,,,,,,,,,,,,,
#SRC_TEXT,0,2,20,1,0,,,,,,,,,,,,,,,
//DST定義,(NULL),time,x,y,w,size,acc,a,r,g,b,blend,filter,(NULL),(NULL),loop,timer,(NULL),(NULL),(NULL)
#DST_TEXT,0,200,640,460,1280,10,0,255,255,255,255,1,0,0,0,500,152,51,0,0
#DST_TEXT,0,500,640,460,1280,20,0,255,255,255,255,1,1,0,0,,,,,




















//shutter,,,,,,,,,,,
//////////////////////////////////////////////////////////////,,,,,,,,,,,
//////////////////////////////////////////////,,,,,,,

//SRC定義,(NULL),gr,x,y,w,h,div_x,div_y,cycle,timer,op1,op2,op3,,,,,,,
#SRC_IMAGE,0,110,0,0,1,1,1,1,0,0,0,0,0,,,,,,,
//DST定義,(NULL),time,x,y,w,h,acc,a,r,g,b,blend,filter,angle,center,loop,timer,op1,op2,op3
#DST_IMAGE,0,600,0,0,1280,720,1,0,255,255,255,1,0,0,0,1500,2,0,0,0
#DST_IMAGE,0,1500,0,0,1280,720,0,255,255,255,255,1,0,0,0,,,,,





//up
//SRC定義,(NULL),gr,x,y,w,h,div_x,div_y,cycle,timer,op1,op2,op3,,,,,,,
#SRC_IMAGE,0,28,0,0,1280,607,1,1,0,0,0,0,0,,,,,,,
//DST定義,(NULL),time,x,y,w,h,acc,a,r,g,b,blend,filter,angle,center,loop,timer,op1,op2,op3
#DST_IMAGE,0,0,0,-607,1280,607,1,255,255,255,255,1,0,0,0,900,2,0,0,0
#DST_IMAGE,0,600,0,0,1280,607,1,255,255,255,255,1,0,0,
#DST_IMAGE,0,900,0,0,1280,607,1,255,255,255,255,1,0,0,0,,,,,

//left
//SRC定義,(NULL),gr,x,y,w,h,div_x,div_y,cycle,timer,op1,op2,op3,,,,,,,
#SRC_IMAGE,0,28,0,607,640,497,1,1,0,0,0,0,0,,,,,,,
//DST定義,(NULL),time,x,y,w,h,acc,a,r,g,b,blend,filter,angle,center,loop,timer,op1,op2,op3
#DST_IMAGE,0,0,-497,400,640,497,1,255,255,255,255,1,0,0,0,900,2,0,0,0
#DST_IMAGE,0,600,0,223,640,497,1,255,255,255,255,1,0,0,
#DST_IMAGE,0,900,0,223,640,497,1,255,255,255,255,1,0,0,0,,,,,

//right
//SRC定義,(NULL),gr,x,y,w,h,div_x,div_y,cycle,timer,op1,op2,op3,,,,,,,
#SRC_IMAGE,0,28,640,607,640,497,1,1,0,0,0,0,0,,,,,,,
//DST定義,(NULL),time,x,y,w,h,acc,a,r,g,b,blend,filter,angle,center,loop,timer,op1,op2,op3
#DST_IMAGE,0,0,1280,400,640,497,1,255,255,255,255,1,0,0,0,900,2,0,0,0
#DST_IMAGE,0,600,640,223,640,497,1,255,255,255,255,1,0,0,
#DST_IMAGE,0,900,640,223,640,497,1,255,255,255,255,1,0,0,0,,,,,

//bottom
//SRC定義,(NULL),gr,x,y,w,h,div_x,div_y,cycle,timer,op1,op2,op3,,,,,,,
#SRC_IMAGE,0,28,0,1104,1280,153,1,1,0,0,0,0,0,,,,,,,
//DST定義,(NULL),time,x,y,w,h,acc,a,r,g,b,blend,filter,angle,center,loop,timer,op1,op2,op3
#DST_IMAGE,0,0,0,780,1280,153,1,255,255,255,255,1,0,0,0,900,2,0,0,0
#DST_IMAGE,0,600,0,569,1280,153,1,255,255,255,255,1,0,0,
#DST_IMAGE,0,900,0,569,1280,153,1,255,255,255,255,1,0,0,0,,,,,

//light
//SRC定義,(NULL),gr,x,y,w,h,div_x,div_y,cycle,timer,op1,op2,op3,,,,,,,
#SRC_IMAGE,0,28,0,1257,1280,266,1,1,0,0,0,0,0,,,,,,,
//DST定義,(NULL),time,x,y,w,h,acc,a,r,g,b,blend,filter,angle,center,loop,timer,op1,op2,op3
#DST_IMAGE,0,600,-200,455,1680,266,1,0,255,255,255,2,0,0,0,900,2,0,0,0
#DST_IMAGE,0,900,0,455,1280,266,1,255,255,255,255,2,0,0,





//up
//SRC定義,(NULL),gr,x,y,w,h,div_x,div_y,cycle,timer,op1,op2,op3,,,,,,,
#SRC_IMAGE,0,28,0,0,1280,607,1,1,0,0,0,0,0,,,,,,,
//DST定義,(NULL),time,x,y,w,h,acc,a,r,g,b,blend,filter,angle,center,loop,timer,op1,op2,op3
#DST_IMAGE,0,0,0,0,1280,607,1,255,255,255,255,1,0,0,0,700,0,0,0,0
#DST_IMAGE,0,400,0,0,1280,607,1,255,255,255,255,1,0,0,
#DST_IMAGE,0,700,0,-607,1280,607,1,255,255,255,255,1,0,0,0,,,,,

//left
//SRC定義,(NULL),gr,x,y,w,h,div_x,div_y,cycle,timer,op1,op2,op3,,,,,,,
#SRC_IMAGE,0,28,0,607,640,497,1,1,0,0,0,0,0,,,,,,,
//DST定義,(NULL),time,x,y,w,h,acc,a,r,g,b,blend,filter,angle,center,loop,timer,op1,op2,op3
#DST_IMAGE,0,0,0,223,640,497,1,255,255,255,255,1,0,0,0,700,0,0,0,0
#DST_IMAGE,0,400,0,223,640,497,1,255,255,255,255,1,0,0,
#DST_IMAGE,0,700,-497,400,640,497,1,255,255,255,255,1,0,0,0,,,,,

//right
//SRC定義,(NULL),gr,x,y,w,h,div_x,div_y,cycle,timer,op1,op2,op3,,,,,,,
#SRC_IMAGE,0,28,640,607,640,497,1,1,0,0,0,0,0,,,,,,,
//DST定義,(NULL),time,x,y,w,h,acc,a,r,g,b,blend,filter,angle,center,loop,timer,op1,op2,op3
#DST_IMAGE,0,0,640,223,640,497,1,255,255,255,255,1,0,0,0,700,0,0,0,0
#DST_IMAGE,0,400,640,223,640,497,1,255,255,255,255,1,0,0,
#DST_IMAGE,0,700,1280,400,640,497,1,255,255,255,255,1,0,0,0,,,,,

//bottom
//SRC定義,(NULL),gr,x,y,w,h,div_x,div_y,cycle,timer,op1,op2,op3,,,,,,,
#SRC_IMAGE,0,28,0,1104,1280,153,1,1,0,0,0,0,0,,,,,,,
//DST定義,(NULL),time,x,y,w,h,acc,a,r,g,b,blend,filter,angle,center,loop,timer,op1,op2,op3
#DST_IMAGE,0,0,0,569,1280,153,1,255,255,255,255,1,0,0,0,700,0,0,0,0
#DST_IMAGE,0,400,0,569,1280,153,1,255,255,255,255,1,0,0,
#DST_IMAGE,0,700,0,780,1280,153,1,255,255,255,255,1,0,0,0,,,,,

//light
//SRC定義,(NULL),gr,x,y,w,h,div_x,div_y,cycle,timer,op1,op2,op3,,,,,,,
#SRC_IMAGE,0,28,0,1257,1280,266,1,1,0,0,0,0,0,,,,,,,
//DST定義,(NULL),time,x,y,w,h,acc,a,r,g,b,blend,filter,angle,center,loop,timer,op1,op2,op3
#DST_IMAGE,0,0,0,455,1280,266,1,255,255,255,255,2,0,0,0,400,0,0,0,0
#DST_IMAGE,0,200,0,455,1280,266,1,255,255,255,255,2,0,0,
#DST_IMAGE,0,400,300,455,680,266,1,0,255,255,255,2,0,0,0,,,,,

//開幕シャッター 上,,,,,,,,,,,,,,,,,,,,
//SRC定義,(NULL),gr,x,y,w,h,div_x,div_y,cycle,timer,op1,op2,op3,,,,,,,
#SRC_IMAGE,0,49,0,10,1280,356,1,1,0,0,0,0,0,,,,,,,
//DST定義,(NULL),time,x,y,w,h,acc,a,r,g,b,blend,filter,angle,center,loop,timer,op1,op2,op3
#DST_IMAGE,0,0,0,0,1280,356,0,255,255,255,255,1,0,0,0,-1,0,0,0,0
#DST_IMAGE,0,390,0,-356,1280,356,0,255,255,255,255,1,0,0,0,0,0,0,0,0
,,,,,,,,,,,,,,,,,,,,
//開幕シャッター 下,,,,,,,,,,,,,,,,,,,,
//SRC定義,(NULL),gr,x,y,w,h,div_x,div_y,cycle,timer,op1,op2,op3,,,,,,,
#SRC_IMAGE,0,49,0,368,1280,364,1,1,0,0,0,0,0,,,,,,,
//DST定義,(NULL),time,x,y,w,h,acc,a,r,g,b,blend,filter,angle,center,loop,timer,op1,op2,op3
#DST_IMAGE,0,0,0,356,1280,364,0,255,255,255,255,1,0,0,0,-1,0,0,0,0
#DST_IMAGE,0,390,0,720,1280,364,0,255,255,255,255,1,0,0,0,0,0,0,0,0
//フェードアウト,,,,,,,,,,,,,,,,,,,,
//SRC定義,(NULL),gr,x,y,w,h,div_x,div_y,cycle,timer,op1,op2,op3,,,,,,,
#SRC_IMAGE,0,49,1,0,1280,366,1,1,0,2,0,0,0,,,,,,,
//DST定義,(NULL),time,x,y,w,h,acc,a,r,g,b,blend,filter,angle,center,loop,timer,op1,op2,op3
#DST_IMAGE,0,0,0,-366,1280,366,2,255,255,255,255,1,0,0,0,750,2,0,0,0
#DST_IMAGE,0,750,0,-6,1280,366,2,255,255,255,255,1,0,0,0,,,,,
//SRC定義,(NULL),gr,x,y,w,h,div_x,div_y,cycle,timer,op1,op2,op3,,,,,,,
#SRC_IMAGE,0,49,1,368,1280,366,1,1,0,2,0,0,0,,,,,,,
//DST定義,(NULL),time,x,y,w,h,acc,a,r,g,b,blend,filter,angle,center,loop,timer,op1,op2,op3
#DST_IMAGE,0,0,0,720,1280,366,2,255,255,255,255,1,0,0,0,750,2,0,0,0
#DST_IMAGE,0,750,0,360,1280,366,2,255,255,255,255,1,0,0,0,,,,,


