#IMAGE,.\LR2files\Theme\IIDX21 SPADA\Play\Close\SIRIUS\parts.png,

//白い線,,,,,,,,,,,,,,,,,,,,
//SRC定義,(NULL),gr,x,y,w,h,div_x,div_y,cycle,timer,op1,op2,op3,,,,,,,
#SRC_IMAGE,0,111,0,0,1,1,1,1,0,3,0,0,0,,,,,,,
//DST定義,(NULL),time,x,y,w,h,acc,a,r,g,b,blend,filter,angle,center,loop,timer,op1,op2,op3
#DST_IMAGE,0,500,640,0,2,720,0,255,255,255,255,1,0,0,0,800,3,0,0,0
#DST_IMAGE,0,800,0,0,1280,720,0,255,255,255,255,1,0,0,0,,,,,

//扉上白,,,,,,,,,,,,,,,,,,,,
//SRC定義,(NULL),gr,x,y,w,h,div_x,div_y,cycle,timer,op1,op2,op3,,,,,,,
#SRC_IMAGE,0,60,0,683,640,121,1,1,0,3,0,0,0,,,,,,,
//DST定義,(NULL),time,x,y,w,h,acc,a,r,g,b,blend,filter,angle,center,loop,timer,op1,op2,op3
#DST_IMAGE,0,0,0,-182,1280,182,0,255,255,255,255,1,0,0,0,520,3,0,0,0
#DST_IMAGE,0,520,0,177,1280,181,0,255,255,255,255,1,0,0,0,,,,,

//扉下白,,,,,,,,,,,,,,,,,,,,
//SRC定義,(NULL),gr,x,y,w,h,div_x,div_y,cycle,timer,op1,op2,op3,,,,,,,
#SRC_IMAGE,0,60,0,909,640,121,1,1,0,3,0,0,0,,,,,,,
//DST定義,(NULL),time,x,y,w,h,acc,a,r,g,b,blend,filter,angle,center,loop,timer,op1,op2,op3
#DST_IMAGE,0,0,0,720,1280,181,0,255,255,255,255,1,0,0,0,520,3,0,0,0
#DST_IMAGE,0,520,0,361,1280,182,0,255,255,255,255,1,0,0,0,,,,,

//扉上青,,,,,,,,,,,,,,,,,,,,
//SRC定義,(NULL),gr,x,y,w,h,div_x,div_y,cycle,timer,op1,op2,op3,,,,,,,
#SRC_IMAGE,0,60,0,558,640,124,1,1,0,3,0,0,0,,,,,,,
//DST定義,(NULL),time,x,y,w,h,acc,a,r,g,b,blend,filter,angle,center,loop,timer,op1,op2,op3
#DST_IMAGE,0,0,0,-186,1280,186,0,255,255,255,255,1,0,0,0,350,3,0,0,0
#DST_IMAGE,0,350,0,0,1280,186,0,255,255,255,255,1,0,0,0,,,,,

//SRC定義,(NULL),gr,x,y,w,h,div_x,div_y,cycle,timer,op1,op2,op3,,,,,,,
#SRC_IMAGE,0,60,0,558,640,124,1,1,0,3,0,0,0,,,,,,,
//DST定義,(NULL),time,x,y,w,h,acc,a,r,g,b,blend,filter,angle,center,loop,timer,op1,op2,op3
#DST_IMAGE,0,0,0,-186,1280,186,0,255,255,255,255,2,0,0,0,-1,3,0,0,0
#DST_IMAGE,0,380,0,0,1280,186,0,255,255,255,255,2,0,0,0,,,,,
#DST_IMAGE,0,520,0,0,1280,186,0,0,255,255,255,2,0,0,0,,,,,
#DST_IMAGE,0,829,0,0,1280,186,0,0,255,255,255,2,0,0,0,,,,,
#DST_IMAGE,0,830,0,0,1280,186,0,255,255,255,255,2,0,0,0,,,,,
#DST_IMAGE,0,920,0,0,1280,186,0,0,255,255,255,2,0,0,0,,,,,
#DST_IMAGE,0,1549,0,0,1280,186,0,0,255,255,255,2,0,0,0,,,,,
#DST_IMAGE,0,1550,0,0,1280,186,0,255,255,255,255,2,0,0,0,,,,,
#DST_IMAGE,0,1600,0,0,1280,186,0,0,255,255,255,2,0,0,0,,,,,

//扉下青,,,,,,,,,,,,,,,,,,,,
//SRC定義,(NULL),gr,x,y,w,h,div_x,div_y,cycle,timer,op1,op2,op3,,,,,,,
#SRC_IMAGE,0,60,0,1032,640,124,1,1,0,3,0,0,0,,,,,,,
//DST定義,(NULL),time,x,y,w,h,acc,a,r,g,b,blend,filter,angle,center,loop,timer,op1,op2,op3
#DST_IMAGE,0,0,0,720,1280,186,0,255,255,255,255,1,0,0,0,350,3,0,0,0
#DST_IMAGE,0,350,0,534,1280,186,0,255,255,255,255,1,0,0,0,,,,,

//SRC定義,(NULL),gr,x,y,w,h,div_x,div_y,cycle,timer,op1,op2,op3,,,,,,,
#SRC_IMAGE,0,60,0,1032,640,124,1,1,0,3,0,0,0,,,,,,,
//DST定義,(NULL),time,x,y,w,h,acc,a,r,g,b,blend,filter,angle,center,loop,timer,op1,op2,op3
#DST_IMAGE,0,0,0,720,1280,186,0,255,255,255,255,2,0,0,0,-1,3,0,0,0
#DST_IMAGE,0,380,0,534,1280,186,0,255,255,255,255,2,0,0,0,,,,,
#DST_IMAGE,0,520,0,534,1280,186,0,0,255,255,255,2,0,0,0,,,,,
#DST_IMAGE,0,829,0,534,1280,186,0,0,255,255,255,2,0,0,0,,,,,
#DST_IMAGE,0,830,0,534,1280,186,0,255,255,255,255,2,0,0,0,,,,,
#DST_IMAGE,0,920,0,534,1280,186,0,0,255,255,255,2,0,0,0,,,,,
#DST_IMAGE,0,1549,0,534,1280,186,0,0,255,255,255,2,0,0,0,,,,,
#DST_IMAGE,0,1550,0,534,1280,186,0,255,255,255,255,2,0,0,0,,,,,
#DST_IMAGE,0,1600,0,534,1280,186,0,0,255,255,255,2,0,0,0,,,,,

//ロック左上,,,,,,,,,,,,,,,,,,,,
//SRC定義,(NULL),gr,x,y,w,h,div_x,div_y,cycle,timer,op1,op2,op3,,,,,,,
#SRC_IMAGE,0,60,641,655,121,61,1,1,0,3,0,0,0,,,,,,,
//DST定義,(NULL),time,x,y,w,h,acc,a,r,g,b,blend,filter,angle,center,loop,timer,op1,op2,op3
#DST_IMAGE,0,520,-242,129,242,91,0,255,255,255,255,1,0,0,0,660,3,0,0,0
#DST_IMAGE,0,620,0,129,242,91,0,255,255,255,255,1,0,0,0,,,,,
#DST_IMAGE,0,660,-8,129,242,91,0,255,255,255,255,1,0,0,0,,,,,

//ロック左下,,,,,,,,,,,,,,,,,,,,
//SRC定義,(NULL),gr,x,y,w,h,div_x,div_y,cycle,timer,op1,op2,op3,,,,,,,
#SRC_IMAGE,0,60,641,717,121,61,1,1,0,3,0,0,0,,,,,,,
//DST定義,(NULL),time,x,y,w,h,acc,a,r,g,b,blend,filter,angle,center,loop,timer,op1,op2,op3
#DST_IMAGE,0,520,-242,499,242,92,0,255,255,255,255,1,0,0,0,660,3,0,0,0
#DST_IMAGE,0,620,0,499,242,92,0,255,255,255,255,1,0,0,0,,,,,
#DST_IMAGE,0,660,-8,499,242,92,0,255,255,255,255,1,0,0,0,,,,,

//ロック右上,,,,,,,,,,,,,,,,,,,,
//SRC定義,(NULL),gr,x,y,w,h,div_x,div_y,cycle,timer,op1,op2,op3,,,,,,,
#SRC_IMAGE,0,60,763,655,121,61,1,1,0,3,0,0,0,,,,,,,
//DST定義,(NULL),time,x,y,w,h,acc,a,r,g,b,blend,filter,angle,center,loop,timer,op1,op2,op3
#DST_IMAGE,0,520,1280,129,242,91,0,255,255,255,255,1,0,0,0,660,3,0,0,0
#DST_IMAGE,0,620,1038,129,242,91,0,255,255,255,255,1,0,0,0,,,,,
#DST_IMAGE,0,660,1046,129,242,91,0,255,255,255,255,1,0,0,0,,,,,

//ロック右下,,,,,,,,,,,,,,,,,,,,
//SRC定義,(NULL),gr,x,y,w,h,div_x,div_y,cycle,timer,op1,op2,op3,,,,,,,
#SRC_IMAGE,0,60,763,717,121,61,1,1,0,3,0,0,0,,,,,,,
//DST定義,(NULL),time,x,y,w,h,acc,a,r,g,b,blend,filter,angle,center,loop,timer,op1,op2,op3
#DST_IMAGE,0,520,1280,499,242,92,0,255,255,255,255,1,0,0,0,660,3,0,0,0
#DST_IMAGE,0,620,1038,499,242,92,0,255,255,255,255,1,0,0,0,,,,,
#DST_IMAGE,0,660,1046,499,242,92,0,255,255,255,255,1,0,0,0,,,,,

//黒ロック左上,,,,,,,,,,,,,,,,,,,,
//SRC定義,(NULL),gr,x,y,w,h,div_x,div_y,cycle,timer,op1,op2,op3,,,,,,,
#SRC_IMAGE,0,60,853,457,61,12,1,1,0,3,0,0,0,,,,,,,
//DST定義,(NULL),time,x,y,w,h,acc,a,r,g,b,blend,filter,angle,center,loop,timer,op1,op2,op3
#DST_IMAGE,0,660,-122,274,122,18,0,255,255,255,255,1,0,0,0,820,3,0,0,0
#DST_IMAGE,0,780,0,274,122,18,0,255,255,255,255,1,0,0,0,,,,,
#DST_IMAGE,0,820,-8,274,122,18,0,255,255,255,255,1,0,0,0,,,,,

//黒ロック左下,,,,,,,,,,,,,,,,,,,,
//SRC定義,(NULL),gr,x,y,w,h,div_x,div_y,cycle,timer,op1,op2,op3,,,,,,,
#SRC_IMAGE,0,60,853,470,61,12,1,1,0,3,0,0,0,,,,,,,
//DST定義,(NULL),time,x,y,w,h,acc,a,r,g,b,blend,filter,angle,center,loop,timer,op1,op2,op3
#DST_IMAGE,0,660,-122,427,122,18,0,255,255,255,255,1,0,0,0,820,3,0,0,0
#DST_IMAGE,0,780,0,427,122,18,0,255,255,255,255,1,0,0,0,,,,,
#DST_IMAGE,0,820,-8,427,122,18,0,255,255,255,255,1,0,0,0,,,,,

//黒ロック右上,,,,,,,,,,,,,,,,,,,,
//SRC定義,(NULL),gr,x,y,w,h,div_x,div_y,cycle,timer,op1,op2,op3,,,,,,,
#SRC_IMAGE,0,60,915,457,61,12,1,1,0,3,0,0,0,,,,,,,
//DST定義,(NULL),time,x,y,w,h,acc,a,r,g,b,blend,filter,angle,center,loop,timer,op1,op2,op3
#DST_IMAGE,0,660,1280,274,122,18,0,255,255,255,255,1,0,0,0,820,3,0,0,0
#DST_IMAGE,0,780,1158,274,122,18,0,255,255,255,255,1,0,0,0,,,,,
#DST_IMAGE,0,820,1166,274,122,18,0,255,255,255,255,1,0,0,0,,,,,

//黒ロック右下,,,,,,,,,,,,,,,,,,,,
//SRC定義,(NULL),gr,x,y,w,h,div_x,div_y,cycle,timer,op1,op2,op3,,,,,,,
#SRC_IMAGE,0,60,915,470,61,12,1,1,0,3,0,0,0,,,,,,,
//DST定義,(NULL),time,x,y,w,h,acc,a,r,g,b,blend,filter,angle,center,loop,timer,op1,op2,op3
#DST_IMAGE,0,660,1280,427,122,18,0,255,255,255,255,1,0,0,0,820,3,0,0,0
#DST_IMAGE,0,780,1158,427,122,18,0,255,255,255,255,1,0,0,0,,,,,
#DST_IMAGE,0,820,1166,427,122,18,0,255,255,255,255,1,0,0,0,,,,,

//黒スライド左,,,,,,,,,,,,,,,,,,,,
//SRC定義,(NULL),gr,x,y,w,h,div_x,div_y,cycle,timer,op1,op2,op3,,,,,,,
#SRC_IMAGE,0,60,641,798,262,18,1,1,0,3,0,0,0,,,,,,,
//DST定義,(NULL),time,x,y,w,h,acc,a,r,g,b,blend,filter,angle,center,loop,timer,op1,op2,op3
#DST_IMAGE,0,720,-524,346,524,27,2,255,255,255,255,1,0,0,0,920,3,0,0,0
#DST_IMAGE,0,920,0,346,524,27,2,255,255,255,255,1,0,0,0,,,,,

//黒スライド右,,,,,,,,,,,,,,,,,,,,
//SRC定義,(NULL),gr,x,y,w,h,div_x,div_y,cycle,timer,op1,op2,op3,,,,,,,
#SRC_IMAGE,0,60,641,779,262,18,1,1,0,3,0,0,0,,,,,,,
//DST定義,(NULL),time,x,y,w,h,acc,a,r,g,b,blend,filter,angle,center,loop,timer,op1,op2,op3
#DST_IMAGE,0,720,1280,346,524,27,2,255,255,255,255,1,0,0,0,920,3,0,0,0
#DST_IMAGE,0,920,756,346,524,27,2,255,255,255,255,1,0,0,0,,,,,

//白スライド左,,,,,,,,,,,,,,,,,,,,
//SRC定義,(NULL),gr,x,y,w,h,div_x,div_y,cycle,timer,op1,op2,op3,,,,,,,
#SRC_IMAGE,0,60,641,817,97,31,1,1,0,3,0,0,0,,,,,,,
//DST定義,(NULL),time,x,y,w,h,acc,a,r,g,b,blend,filter,angle,center,loop,timer,op1,op2,op3
#DST_IMAGE,0,720,-194,337,194,47,2,255,255,255,255,1,0,0,0,1100,3,0,0,0
#DST_IMAGE,0,1020,292,337,194,47,2,255,255,255,255,1,0,0,0,,,,,
#DST_IMAGE,0,1100,284,337,194,47,0,255,255,255,255,1,0,0,0,,,,,

//白スライド右,,,,,,,,,,,,,,,,,,,,
//SRC定義,(NULL),gr,x,y,w,h,div_x,div_y,cycle,timer,op1,op2,op3,,,,,,,
#SRC_IMAGE,0,60,739,817,97,31,1,1,0,3,0,0,0,,,,,,,
//DST定義,(NULL),time,x,y,w,h,acc,a,r,g,b,blend,filter,angle,center,loop,timer,op1,op2,op3
#DST_IMAGE,0,720,1280,337,194,47,2,255,255,255,255,1,0,0,0,1100,3,0,0,0
#DST_IMAGE,0,1020,794,337,194,47,2,255,255,255,255,1,0,0,0,,,,,
#DST_IMAGE,0,1100,802,337,194,47,0,255,255,255,255,1,0,0,0,,,,,

//扉境目の光-上,,,,,,,,,,,,,,,,,,,,
//SRC定義,(NULL),gr,x,y,w,h,div_x,div_y,cycle,timer,op1,op2,op3,,,,,,,
#SRC_IMAGE,0,60,0,805,640,51,1,1,0,3,0,0,0,,,,,,,
//DST定義,(NULL),time,x,y,w,h,acc,a,r,g,b,blend,filter,angle,center,loop,timer,op1,op2,op3
#DST_IMAGE,0,350,0,162,1280,76,0,0,255,255,255,2,0,0,0,-1,3,0,0,0
#DST_IMAGE,0,520,0,162,1280,76,0,255,255,255,255,2,0,0,0,,,,,
#DST_IMAGE,0,700,0,162,1280,76,0,0,255,255,255,2,0,0,0,,,,,

//扉境目の光-下,,,,,,,,,,,,,,,,,,,,
//SRC定義,(NULL),gr,x,y,w,h,div_x,div_y,cycle,timer,op1,op2,op3,,,,,,,
#SRC_IMAGE,0,60,0,857,640,51,1,1,0,3,0,0,0,,,,,,,
//DST定義,(NULL),time,x,y,w,h,acc,a,r,g,b,blend,filter,angle,center,loop,timer,op1,op2,op3
#DST_IMAGE,0,350,0,481,1280,77,0,0,255,255,255,2,0,0,0,-1,3,0,0,0
#DST_IMAGE,0,520,0,481,1280,77,0,255,255,255,255,2,0,0,0,,,,,
#DST_IMAGE,0,700,0,481,1280,77,0,0,255,255,255,2,0,0,0,,,,,

//青扉斜線の光-左上,,,,,,,,,,,,,,,,,,,,
//SRC定義,(NULL),gr,x,y,w,h,div_x,div_y,cycle,timer,op1,op2,op3,,,,,,,
#SRC_IMAGE,0,60,853,508,20,20,1,1,0,3,0,0,0,,,,,,,
//DST定義,(NULL),time,x,y,w,h,acc,a,r,g,b,blend,filter,angle,center,loop,timer,op1,op2,op3
#DST_IMAGE,0,350,304,132,40,30,0,0,255,255,255,2,0,0,0,-1,3,0,0,0
#DST_IMAGE,0,520,304,132,40,30,0,255,255,255,255,2,0,0,0,,,,,
#DST_IMAGE,0,700,304,132,40,30,0,0,255,255,255,2,0,0,0,,,,,

//青扉斜線の光-左下,,,,,,,,,,,,,,,,,,,,
//SRC定義,(NULL),gr,x,y,w,h,div_x,div_y,cycle,timer,op1,op2,op3,,,,,,,
#SRC_IMAGE,0,60,853,529,20,20,1,1,0,3,0,0,0,,,,,,,
//DST定義,(NULL),time,x,y,w,h,acc,a,r,g,b,blend,filter,angle,center,loop,timer,op1,op2,op3
#DST_IMAGE,0,350,304,558,40,30,0,0,255,255,255,2,0,0,0,-1,3,0,0,0
#DST_IMAGE,0,520,304,558,40,30,0,255,255,255,255,2,0,0,0,,,,,
#DST_IMAGE,0,700,304,558,40,30,0,0,255,255,255,2,0,0,0,,,,,

//青扉斜線の光-右上,,,,,,,,,,,,,,,,,,,,
//SRC定義,(NULL),gr,x,y,w,h,div_x,div_y,cycle,timer,op1,op2,op3,,,,,,,
#SRC_IMAGE,0,60,874,508,20,20,1,1,0,3,0,0,0,,,,,,,
//DST定義,(NULL),time,x,y,w,h,acc,a,r,g,b,blend,filter,angle,center,loop,timer,op1,op2,op3
#DST_IMAGE,0,350,936,132,40,30,0,0,255,255,255,2,0,0,0,-1,3,0,0,0
#DST_IMAGE,0,520,936,132,40,30,0,255,255,255,255,2,0,0,0,,,,,
#DST_IMAGE,0,700,936,132,40,30,0,0,255,255,255,2,0,0,0,,,,,

//青扉斜線の光-右下,,,,,,,,,,,,,,,,,,,,
//SRC定義,(NULL),gr,x,y,w,h,div_x,div_y,cycle,timer,op1,op2,op3,,,,,,,
#SRC_IMAGE,0,60,874,529,20,20,1,1,0,3,0,0,0,,,,,,,
//DST定義,(NULL),time,x,y,w,h,acc,a,r,g,b,blend,filter,angle,center,loop,timer,op1,op2,op3
#DST_IMAGE,0,350,936,558,40,30,0,0,255,255,255,2,0,0,0,-1,3,0,0,0
#DST_IMAGE,0,520,936,558,40,30,0,255,255,255,255,2,0,0,0,,,,,
#DST_IMAGE,0,700,936,558,40,30,0,0,255,255,255,2,0,0,0,,,,,

//白扉斜線の光-左上,,,,,,,,,,,,,,,,,,,,
//SRC定義,(NULL),gr,x,y,w,h,div_x,div_y,cycle,timer,op1,op2,op3,,,,,,,
#SRC_IMAGE,0,60,853,508,20,20,1,1,0,3,0,0,0,,,,,,,
//DST定義,(NULL),time,x,y,w,h,acc,a,r,g,b,blend,filter,angle,center,loop,timer,op1,op2,op3
#DST_IMAGE,0,700,366,178,40,30,0,0,255,255,255,2,0,0,0,-1,3,0,0,0
#DST_IMAGE,0,830,366,178,40,30,0,255,255,255,255,2,0,0,0,,,,,
#DST_IMAGE,0,900,366,178,40,30,0,0,255,255,255,2,0,0,0,,,,,

//白扉斜線の光-左下,,,,,,,,,,,,,,,,,,,,
//SRC定義,(NULL),gr,x,y,w,h,div_x,div_y,cycle,timer,op1,op2,op3,,,,,,,
#SRC_IMAGE,0,60,853,529,20,20,1,1,0,3,0,0,0,,,,,,,
//DST定義,(NULL),time,x,y,w,h,acc,a,r,g,b,blend,filter,angle,center,loop,timer,op1,op2,op3
#DST_IMAGE,0,700,366,511,40,30,0,0,255,255,255,2,0,0,0,-1,3,0,0,0
#DST_IMAGE,0,830,366,511,40,30,0,255,255,255,255,2,0,0,0,,,,,
#DST_IMAGE,0,900,366,511,40,30,0,0,255,255,255,2,0,0,0,,,,,

//白扉斜線の光-右上,,,,,,,,,,,,,,,,,,,,
//SRC定義,(NULL),gr,x,y,w,h,div_x,div_y,cycle,timer,op1,op2,op3,,,,,,,
#SRC_IMAGE,0,60,874,508,20,20,1,1,0,3,0,0,0,,,,,,,
//DST定義,(NULL),time,x,y,w,h,acc,a,r,g,b,blend,filter,angle,center,loop,timer,op1,op2,op3
#DST_IMAGE,0,700,874,178,40,30,0,0,255,255,255,2,0,0,0,-1,3,0,0,0
#DST_IMAGE,0,830,874,178,40,30,0,255,255,255,255,2,0,0,0,,,,,
#DST_IMAGE,0,900,874,178,40,30,0,0,255,255,255,2,0,0,0,,,,,

//白扉斜線の光-右下,,,,,,,,,,,,,,,,,,,,
//SRC定義,(NULL),gr,x,y,w,h,div_x,div_y,cycle,timer,op1,op2,op3,,,,,,,
#SRC_IMAGE,0,60,874,529,20,20,1,1,0,3,0,0,0,,,,,,,
//DST定義,(NULL),time,x,y,w,h,acc,a,r,g,b,blend,filter,angle,center,loop,timer,op1,op2,op3
#DST_IMAGE,0,700,874,511,40,30,0,0,255,255,255,2,0,0,0,-1,3,0,0,0
#DST_IMAGE,0,830,874,511,40,30,0,255,255,255,255,2,0,0,0,,,,,
#DST_IMAGE,0,900,874,511,40,30,0,0,255,255,255,2,0,0,0,,,,,

//中央の光,,,,,,,,,,,,,,,,,,,,
//SRC定義,(NULL),gr,x,y,w,h,div_x,div_y,cycle,timer,op1,op2,op3,,,,,,,
#SRC_IMAGE,0,0,145,385,93,61,1,1,0,3,0,0,0,,,,,,,
//DST定義,(NULL),time,x,y,w,h,acc,a,r,g,b,blend,filter,angle,center,loop,timer,op1,op2,op3
#DST_IMAGE,0,520,546,315,188,90,0,0,255,255,255,2,0,0,0,-1,3,0,0,0
#DST_IMAGE,0,660,546,315,188,90,0,255,255,255,255,2,0,0,0,,,,,
#DST_IMAGE,0,780,-1000,315,3280,90,0,255,255,255,255,2,0,0,0,,,,,
#DST_IMAGE,0,1360,-1000,315,3280,90,0,0,255,255,255,2,0,0,0,,,,,

//STAGE FAILED(メイン),,,,,,,,,,,,,,,,,,,,
//SRC定義,(NULL),gr,x,y,w,h,div_x,div_y,cycle,timer,op1,op2,op3,,,,,,,
#SRC_IMAGE,0,60,1,482,308,48,1,1,0,3,0,0,0,,,,,,,
//DST定義,(NULL),time,x,y,w,h,acc,a,r,g,b,blend,filter,angle,center,loop,timer,op1,op2,op3
#DST_IMAGE,0,450,328,391,616,72,0,0,255,255,255,1,0,0,0,820,3,0,0,0
#DST_IMAGE,0,820,328,391,616,72,0,255,255,255,255,1,0,0,0,,,,,

//フェードアウト,,,,,,,,,,,,,,,,,,,,
//SRC定義,(NULL),gr,x,y,w,h,div_x,div_y,cycle,timer,op1,op2,op3,,,,,,,
#SRC_IMAGE,0,110,0,0,1,1,1,1,0,3,0,0,0,,,,,,,
//DST定義,(NULL),time,x,y,w,h,acc,a,r,g,b,blend,filter,angle,center,loop,timer,op1,op2,op3
#DST_IMAGE,0,830,0,0,1280,720,0,0,255,255,255,1,0,0,0,2000,3,0,0,0
#DST_IMAGE,0,1550,0,0,1280,720,0,50,255,255,255,1,0,0,0,,,,,
#DST_IMAGE,0,2000,0,0,1280,720,0,255,255,255,255,1,0,0,0,,,,,

//十字の光-左上,,,,,,,,,,,,,,,,,,,,
//SRC定義,(NULL),gr,x,y,w,h,div_x,div_y,cycle,timer,op1,op2,op3,,,,,,,
#SRC_IMAGE,0,60,950,483,20,20,1,1,0,3,0,0,0,,,,,,,
//DST定義,(NULL),time,x,y,w,h,acc,a,r,g,b,blend,filter,angle,center,loop,timer,op1,op2,op3
#DST_IMAGE,0,1030,374,283,40,30,0,0,255,255,255,2,0,0,0,-1,3,0,0,0
#DST_IMAGE,0,1080,374,283,40,30,0,255,255,255,255,2,0,0,0,,,,,
#DST_IMAGE,0,1100,374,283,40,30,0,0,255,255,255,2,0,0,0,,,,,
#DST_IMAGE,0,1130,374,283,40,30,0,255,255,255,255,2,0,0,0,,,,,
#DST_IMAGE,0,1150,374,283,40,30,0,0,255,255,255,2,0,0,0,,,,,
#DST_IMAGE,0,1200,374,283,40,30,0,255,255,255,255,2,0,0,0,,,,,
#DST_IMAGE,0,1210,374,283,40,30,0,0,255,255,255,2,0,0,0,,,,,
#DST_IMAGE,0,1230,374,283,40,30,0,255,255,255,255,2,0,0,0,,,,,
#DST_IMAGE,0,1330,374,283,40,30,0,0,255,255,255,2,0,0,0,,,,,

//十字の光-左下,,,,,,,,,,,,,,,,,,,,
//SRC定義,(NULL),gr,x,y,w,h,div_x,div_y,cycle,timer,op1,op2,op3,,,,,,,
#SRC_IMAGE,0,60,950,483,20,20,1,1,0,3,0,0,0,,,,,,,
//DST定義,(NULL),time,x,y,w,h,acc,a,r,g,b,blend,filter,angle,center,loop,timer,op1,op2,op3
#DST_IMAGE,0,1030,374,406,40,30,0,0,255,255,255,2,0,0,0,-1,3,0,0,0
#DST_IMAGE,0,1080,374,406,40,30,0,255,255,255,255,2,0,0,0,,,,,
#DST_IMAGE,0,1100,374,406,40,30,0,0,255,255,255,2,0,0,0,,,,,
#DST_IMAGE,0,1130,374,406,40,30,0,255,255,255,255,2,0,0,0,,,,,
#DST_IMAGE,0,1150,374,406,40,30,0,0,255,255,255,2,0,0,0,,,,,
#DST_IMAGE,0,1200,374,406,40,30,0,255,255,255,255,2,0,0,0,,,,,
#DST_IMAGE,0,1210,374,406,40,30,0,0,255,255,255,2,0,0,0,,,,,
#DST_IMAGE,0,1230,374,406,40,30,0,255,255,255,255,2,0,0,0,,,,,
#DST_IMAGE,0,1330,374,406,40,30,0,0,255,255,255,2,0,0,0,,,,,

//十字の光-右上,,,,,,,,,,,,,,,,,,,,
//SRC定義,(NULL),gr,x,y,w,h,div_x,div_y,cycle,timer,op1,op2,op3,,,,,,,
#SRC_IMAGE,0,60,950,483,20,20,1,1,0,3,0,0,0,,,,,,,
//DST定義,(NULL),time,x,y,w,h,acc,a,r,g,b,blend,filter,angle,center,loop,timer,op1,op2,op3
#DST_IMAGE,0,1030,866,283,40,30,0,0,255,255,255,2,0,0,0,-1,3,0,0,0
#DST_IMAGE,0,1080,866,283,40,30,0,255,255,255,255,2,0,0,0,,,,,
#DST_IMAGE,0,1100,866,283,40,30,0,0,255,255,255,2,0,0,0,,,,,
#DST_IMAGE,0,1130,866,283,40,30,0,255,255,255,255,2,0,0,0,,,,,
#DST_IMAGE,0,1150,866,283,40,30,0,0,255,255,255,2,0,0,0,,,,,
#DST_IMAGE,0,1200,866,283,40,30,0,255,255,255,255,2,0,0,0,,,,,
#DST_IMAGE,0,1210,866,283,40,30,0,0,255,255,255,2,0,0,0,,,,,
#DST_IMAGE,0,1230,866,283,40,30,0,255,255,255,255,2,0,0,0,,,,,
#DST_IMAGE,0,1330,866,283,40,30,0,0,255,255,255,2,0,0,0,,,,,

//十字の光-右下,,,,,,,,,,,,,,,,,,,,
//SRC定義,(NULL),gr,x,y,w,h,div_x,div_y,cycle,timer,op1,op2,op3,,,,,,,
#SRC_IMAGE,0,60,950,483,20,20,1,1,0,3,0,0,0,,,,,,,
//DST定義,(NULL),time,x,y,w,h,acc,a,r,g,b,blend,filter,angle,center,loop,timer,op1,op2,op3
#DST_IMAGE,0,1030,866,406,40,30,0,0,255,255,255,2,0,0,0,-1,3,0,0,0
#DST_IMAGE,0,1080,866,406,40,30,0,255,255,255,255,2,0,0,0,,,,,
#DST_IMAGE,0,1100,866,406,40,30,0,0,255,255,255,2,0,0,0,,,,,
#DST_IMAGE,0,1130,866,406,40,30,0,255,255,255,255,2,0,0,0,,,,,
#DST_IMAGE,0,1150,866,406,40,30,0,0,255,255,255,2,0,0,0,,,,,
#DST_IMAGE,0,1200,866,406,40,30,0,255,255,255,255,2,0,0,0,,,,,
#DST_IMAGE,0,1210,866,406,40,30,0,0,255,255,255,2,0,0,0,,,,,
#DST_IMAGE,0,1230,866,406,40,30,0,255,255,255,255,2,0,0,0,,,,,
#DST_IMAGE,0,1330,866,406,40,30,0,0,255,255,255,2,0,0,0,,,,,

//SIRIUS光,,,,,,,,,,,,,,,,,,,,
//SRC定義,(NULL),gr,x,y,w,h,div_x,div_y,cycle,timer,op1,op2,op3,,,,,,,
#SRC_IMAGE,0,60,853,483,96,24,1,1,0,3,0,0,0,,,,,,,
//DST定義,(NULL),time,x,y,w,h,acc,a,r,g,b,blend,filter,angle,center,loop,timer,op1,op2,op3
#DST_IMAGE,0,1260,546,265,192,36,2,0,255,255,255,2,0,0,0,-1,3,0,0,0
#DST_IMAGE,0,1300,546,265,192,36,2,255,255,255,255,2,0,0,0,,,,,
#DST_IMAGE,0,1360,546,265,192,36,2,0,255,255,255,2,0,0,0,,,,,
#DST_IMAGE,0,1460,546,265,192,36,2,255,255,255,255,2,0,0,0,,,,,
#DST_IMAGE,0,1530,-640,283,2560,0,2,0,255,255,255,2,0,0,0,,,,,

//STAGE FAILED(メイン),,,,,,,,,,,,,,,,,,,,
//SRC定義,(NULL),gr,x,y,w,h,div_x,div_y,cycle,timer,op1,op2,op3,,,,,,,
#SRC_IMAGE,0,60,1,482,308,48,1,1,0,3,0,0,0,,,,,,,
//DST定義,(NULL),time,x,y,w,h,acc,a,r,g,b,blend,filter,angle,center,loop,timer,op1,op2,op3
#DST_IMAGE,0,1500,328,391,616,72,0,255,255,255,255,1,0,0,0,-1,3,0,0,0
#DST_IMAGE,0,2000,328,391,616,72,0,0,255,255,255,1,0,0,0,,,,,

//STAGE FAILED少し拡大,,,,,,,,,,,,,,,,,,,,
//SRC定義,(NULL),gr,x,y,w,h,div_x,div_y,cycle,timer,op1,op2,op3,,,,,,,
#SRC_IMAGE,0,60,1,482,308,48,1,1,0,3,0,0,0,,,,,,,
//DST定義,(NULL),time,x,y,w,h,acc,a,r,g,b,blend,filter,angle,center,loop,timer,op1,op2,op3
#DST_IMAGE,0,1130,328,391,616,72,0,0,255,255,255,2,0,0,0,-1,3,0,0,0
#DST_IMAGE,0,1230,288,391,704,77,0,255,255,255,255,2,0,0,0,,,,,
#DST_IMAGE,0,1231,328,391,616,72,0,0,255,255,255,2,0,0,0,,,,,
#DST_IMAGE,0,1260,328,391,616,72,0,200,255,255,255,2,0,0,0,,,,,
#DST_IMAGE,0,1380,288,391,704,77,0,0,255,255,255,2,0,0,0,,,,,

//STAGE FAILED青ぼや光,,,,,,,,,,,,,,,,,,,,
//SRC定義,(NULL),gr,x,y,w,h,div_x,div_y,cycle,timer,op1,op2,op3,,,,,,,
#SRC_IMAGE,0,60,641,558,362,96,1,1,0,3,0,0,0,,,,,,,
//DST定義,(NULL),time,x,y,w,h,acc,a,r,g,b,blend,filter,angle,center,loop,timer,op1,op2,op3
#DST_IMAGE,0,1000,280,355,724,144,0,0,255,255,255,2,0,0,0,-1,3,0,0,0
#DST_IMAGE,0,1200,280,355,724,144,0,200,255,255,255,2,0,0,0,,,,,
#DST_IMAGE,0,1700,-724,427,2172,0,0,0,255,255,255,2,0,0,0,,,,,

//青光横伸び,,,,,,,,,,,,,,,,,,,,
//SRC定義,(NULL),gr,x,y,w,h,div_x,div_y,cycle,timer,op1,op2,op3,,,,,,,
#SRC_IMAGE,0,60,384,417,468,140,1,1,0,3,0,0,0,,,,,,,
//DST定義,(NULL),time,x,y,w,h,acc,a,r,g,b,blend,filter,angle,center,loop,timer,op1,op2,op3
#DST_IMAGE,0,1000,176,324,936,210,0,0,255,255,255,2,0,0,0,-1,3,0,0,0
#DST_IMAGE,0,1300,0,324,1280,210,0,200,255,255,255,2,0,0,0,,,,,
#DST_IMAGE,0,1800,-2168,390,5616,60,0,0,255,255,255,2,0,0,0,,,,,

//フェードアウト,,,,,,,,,,,,,,,,,,,,
//SRC定義,(NULL),gr,x,y,w,h,div_x,div_y,cycle,timer,op1,op2,op3,,,,,,,
#SRC_IMAGE,0,110,0,0,1,1,1,1,0,3,0,0,0,,,,,,,
//DST定義,(NULL),time,x,y,w,h,acc,a,r,g,b,blend,filter,angle,center,loop,timer,op1,op2,op3
#DST_IMAGE,0,1560,0,0,1280,720,0,0,255,255,255,1,0,0,0,2000,3,0,0,0
#DST_IMAGE,0,2000,0,0,1280,720,0,255,255,255,255,1,0,0,0,,,,,

